Route Type,Route,Stop Code,Stop Seq,Stop Name,Stop Name Marathi,LAT,LONG,Stage   
BRTS,100-D,100-D-01,1,Hinjawadi Maan Phase 3,हिंजवडी माण फेज ३,18.576553,73.688178,1    
BRTS,100-D,100-D-02,2,Tech Mahindra,टेक महेंद्रा,18.581016,73.687704,1    
BRTS,100-D,100-D-03,3,Tata Motors,टाटा मोटर्स,18.586860,73.700098,2    
BRTS,100-D,100-D-04,4,Power House Hinjawadi,पॉवर हाऊस हिंजवडी,18.588990,73.705400,2    
BRTS,100-D,100-D-05,5,Infosys Phase 2,इन्फोसीस फेज 2,18.593741,73.708210,3,,     
BRTS,100-D,100-D-06,6,Emcure,एमक्युअर,18.595900,73.712470,3    
BRTS,100-D,100-D-07,7,Wipro Company Circle,विप्रो कंपनी सर्कल,18.596911,73.718287,4    
BRTS,100-D,100-D-08,8,Tata Johnsan,टाटा जॉन्सन,18.594508,73.728077,4    
BRTS,100-D,100-D-09,9,Geometric,जिओमॅट्रीक चौक,18.593488,73.732447,4    
BRTS,100-D,100-D-10,10,Siemens,सिमेन्स,18.587633,73.733312,4    
BRTS,100-D,100-D-11,11,Infosys Phase 1,इन्फोसिसिफेज 1,18.586096,73.734505,5    
BRTS,100-D,100-D-12,12,Shivaji Chowk Hinjawadi,शिवाजी चौक हिंजवडी,18.591606,73.738883,5    
BRTS,100-D,100-D-13,13,Hinjawadi Jakat Naka,हिंजवडी जकात नाका,18.595850,73.740310,6,,     
BRTS,100-D,100-D-14,14,Sawtamali Mandir,सावतामाळी मंदिर,18.592078,73.754691,6    
BRTS,100-D,100-D-15,15,Wakad Chowk,वाकड,18.592449,73.762020,6    
BRTS,100-D,100-D-16,16,Mount Vert Society Wakad,माऊंट व्हर्ट सोसायटी वाकड ,18.590099,73.769593,6    
BRTS,100-D,100-D-17,17,Mankar Chowk,मानकर चौक,18.590416,73.773380,7    
BRTS,100-D,100-D-18,18,Apple Hospital,अ‍ॅपल हॉस्पिटल,18.588616,73.781315,7    
BRTS,100-D,100-D-19,19,Vishalnagar,विशालनगर,18.588162,73.784210,8    
BRTS,100-D,100-D-20,20,Wakad Phata,वाकड फाटा,18.587935,73.789569,9    
BRTS,100-D,100-D-21,21,Rakshak Chowk,रक्षक चौक,18.581640,73.798309,9    
BRTS,100-D,100-D-22,22,Aundh Hospital,औंध हॉस्पिटल,18.575034,73.805160,10    
BRTS,100-D,100-D-23,23,Sangvi Phata,सांगवी फाटा,18.573146,73.806917,10    
BRTS,100-D,100-D-24,24,Aundhgaon,औंध गांव,18.565485,73.812355,11    
BRTS,100-D,100-D-25,25,Bodygate,बॉडीगेट,18.563207,73.813331,11,,"18.67339,73.97004"    
BRTS,100-D,100-D-26,26,Bremen Chowk,ब्रेमण चौक,18.560593,73.814840,11,,"18.67213,73.96707"    
BRTS,100-D,100-D-27,27,Sindh Colony Aundh Road,सिंध कॉलनी औंध रोड,18.556689,73.817807,11,,"18.67150,73.96440"    
BRTS,100-D,100-D-28,28,Kasturba Gandhi Vasahat,कस्तुरबा गांधी वसाहत,18.555199,73.818886,12,," 18.67013,73.95900"    
BRTS,100-D,100-D-29,29,Gol Market Aundh Road,गोल मार्केट औंध रोड,18.551525,73.821579,12,,"18.66805,73.95325"    
BRTS,100-D,100-D-30,30,Bal Kalyan Sanstha,बाल कल्याण संस्था,18.548740,73.823610,12,,"18.66790,73.95248"    
BRTS,100-D,100-D-31,31,Pune Vidhyapeeth Gate,पुणे विद्यापीठ गेट,18.541450,73.830160,13,,"18.66603,73.94210"    
BRTS,100-D,100-D-32,32,E Square,ई स्केअर,18.538133,73.834743,13,,"18.66604,73.93488"    
BRTS,100-D,100-D-33,33,Pumping Station,पंपिंग स्टेशन,18.532967,73.841736,13,,"18.66675,73.92909"    
BRTS,100-D,100-D-34,34,Mhasoba Gate,म्हसोबा गेट,18.532405,73.842548,14,,"18.66680,73.92868"    
BRTS,100-D,100-D-35,35,Simla Office,सिमला ऑफिस,18.530423,73.849268,14,,"18.66680,73.92844"    
BRTS,100-D,100-D-36,36,COEP Hostel,सीओईपी होस्टेल,18.528593,73.852315,14,,"18.66751,73.92538",,,, ,,,,,,,,,,
BRTS,100-D,100-D-37,37,Modern HighSchool,मॉडर्न हायस्कुल,18.525133,73.849242,14,,"18.67011,73.91917"    
BRTS,100-D,100-D-38,38,Ma Na Pa Dengle Pul,मनपा,18.523570,73.854880,15,,"18.67098,73.91678"    
BRTS,100-U,100-U-01,1,Ma Na Pa Dengle Pul,मनपा,18.523570,73.854880,1,,"18.67321,73.90962"    
BRTS,100-U,100-U-02,2,Shivaji Maharaj Putla,शिवाजी महाराज पुतळा,18.526309,73.852866,1,,"18.67648,73.90238"    
BRTS,100-U,100-U-03,3,Simla Office,सिमला ऑफिस,18.530306,73.849098,1,,"18.67654,73.90041"    
BRTS,100-U,100-U-04,4,Mhasoba Gate,म्हसोबा गेट,18.532350,73.842404,2    
BRTS,100-U,100-U-05,5,Pumping Station,पंपिंग स्टेशन,18.533059,73.841372,2,,     
BRTS,100-U,100-U-06,6,Mafatlal Bungalow,मफतलाल बंगला,18.536467,73.836483,2,,"18.67644,73.90036"    
BRTS,100-U,100-U-07,7,Rangehills Corner,रेंजहिल्स कॉर्नर,18.539017,73.833213,2,,"18.67649,73.90242"    
BRTS,100-U,100-U-08,8,Pune Vidhyapeeth Gate Aundh Road,पुणे विद्यापीठ गेट औंध रोड,18.543632,73.827019,3,,"18.67321,73.90953"    
BRTS,100-U,100-U-09,9,Bal Kalyan Sanstha,बाल कल्याण संस्था,18.548821,73.823301,3,,"18.67097,73.91671"    
BRTS,100-U,100-U-10,10,Gol Market Aundh Road,गोल मार्केट औंध रोड,18.551242,73.821523,3,,"18.67009,73.91917"    
BRTS,100-U,100-U-11,11,Kasturba Gandhi Vasahat,कस्तुरबा गांधी वसाहत,18.555117,73.818767,4,,"18.66749,73.92535"    
BRTS,100-U,100-U-12,12,Sindh Colony Aundh Road,सिंध कॉलनी औंध रोड,18.556477,73.817735,4,,"18.66683,73.92839"    
BRTS,100-U,100-U-13,13,Bremen Chowk,ब्रेमण चौक,18.560652,73.814618,4,," 18.66677,73.92871"    
BRTS,100-U,100-U-14,14,Bodygate,बॉडीगेट,18.563284,73.813126,4,,"18.66672,73.92903"    
BRTS,100-U,100-U-15,15,Aundhgaon,औंध गांव,18.565572,73.812173,5,,"18.66601,73.93486"    
BRTS,100-U,100-U-16,16,Sangvi Phata,सांगवी फाटा,18.572723,73.807175,5,,"18.66604,73.94209"    
BRTS,100-U,100-U-17,17,Aundh Hospital,औंध हॉस्पिटल,18.576771,73.803269,6,," 18.66793,73.95252"    
BRTS,100-U,100-U-18,18,Rakshak Chowk,रक्षक चौक,18.581076,73.798612,6,,"18.66803,73.95321"    
BRTS,100-U,100-U-19,19,Wakad Phata,वाकड फाटा,18.587657,73.789301,7,,"18.67008,73.95893"    
BRTS,100-U,100-U-20,20,Vishalnagar,विशालनगर,18.588361,73.784156,8,,"18.67147,73.96437"    
BRTS,100-U,100-U-21,21,Apple Hospital,अ‍ॅपल हॉस्पिटल,18.588332,73.781379,8,," 18.67209,73.96703"    
BRTS,100-U,100-U-22,22,Mankar Chowk,मानकर चौक,18.590416,73.773380,9,," 18.67336,73.97006"    
BRTS,100-U,100-U-23,23,Mount Vert Society Wakad,माऊंट व्हर्ट सोसायटी वाकड ,18.590136,73.769824,9    
BRTS,100-U,100-U-24,24,Wakad Chowk,वाकड,18.592292,73.761924,9    
BRTS,100-U,100-U-25,25,Sawtamali Mandir,सावतामाळी मंदिर,18.591750,73.754530,9    
BRTS,100-U,100-U-26,26,Hinjawadi Jakat Naka,हिंजवडी जकात नाका,18.595850,73.740270,10    
BRTS,100-U,100-U-27,27,Shivaji Chowk Hinjawadi,शिवाजी चौक हिंजवडी,18.590952,73.738890,10    
BRTS,100-U,100-U-28,28,Infosys Phase 1,इन्फोसिसिफेज 1,18.586293,73.733322,11    
BRTS,100-U,100-U-29,29,Siemens,सिमेन्स,18.591000,73.732934,11    
BRTS,100-U,100-U-30,30,Bank Of Maharashtra Hinjawadi,बँक ऑफ महाराष्ट्र,18.594083,73.729656,11    
BRTS,100-U,100-U-31,31,Tata Johnsan,टाटा जॉन्सन,18.594354,73.728016,11    
BRTS,100-U,100-U-32,32,Wipro Company Circle,विप्रो कंपनी सर्कल,18.596842,73.718571,12    
BRTS,100-U,100-U-33,33,Emcure,एमक्युअर,18.595943,73.713016,12    
BRTS,100-U,100-U-34,34,Infosys Phase 2,इन्फोसीस फेज 2,18.593672,73.708373,13    
BRTS,100-U,100-U-35,35,Power House Hinjawadi,पॉवर हाऊस हिंजवडी, 18.58916,73.705160,13    
BRTS,100-U,100-U-36,36,Tata Motors,टाटा मोटर्स,18.586665,73.699956,14    
BRTS,100-U,100-U-37,37,Tech Mahindra,टेक महेंद्रा,18.581215,73.687763,14    
BRTS,100-U,100-U-38,38,Hinjawadi Maan Phase 3,हिंजवडी माण फेज ३,18.576539,73.688389,15    
Non-BRTS,101-D,101-D-00,0,Kondhwa Bk,कोंढवा बु.,18.454190,73.890660,1    
Non-BRTS,101-D,101-D-01,1,Ramdas Maral,रामदास मरळ,18.457354,73.890823,2    
Non-BRTS,101-D,101-D-02,2,Talab Company,तालाब कंपनी,18.461705,73.890321,2    
Non-BRTS,101-D,101-D-03,3,Kondhwa Police Station,कोंढवा पोलीस स्टेशन,18.463190,73.889488,2    
Non-BRTS,101-D,101-D-04,4,Chaitanya Vidyalay,चैतन्य विद्यालय,18.468647,73.888936,2,, , ,,,,,,,,,,,,,
Non-BRTS,101-D,101-D-05,5,Kondhwa Kh,कोंढवा खुर्द,18.473000,73.889113,3,,, ,,,,,,,,,,,,,
Non-BRTS,101-D,101-D-06,6,Kondhwa Shala,कोंढवा शाळा,18.476033,73.889608,3,, , ,,,,,,,,,,,, ,
Non-BRTS,101-D,101-D-07,7,U Co Bank,यू को बँक,18.479033,73.890650,3,,, , ,,,,,,,, ,,,,
Non-BRTS,101-D,101-D-08,8,Kamela,कमेला,18.482842,73.890993,3,, , ,,,,,,, ,,,,,,
Non-BRTS,101-D,101-D-09,9,Lullanagar,लुल्लानगर,18.485119,73.889547,4,,  , ,,,,,,,,,,,,,
Non-BRTS,101-D,101-D-10,10,Netajinagar,नेताजीनगर,18.488081,73.892815,4,,, ,,,,,,,,,,,,,
Non-BRTS,101-D,101-D-11,11,Shinde Chhatri,शिंदे छत्री,18.492007,73.894471,4    
Non-BRTS,101-D,101-D-12,12,Vanwadi Bazar,वानवडी बाजार,18.495140,73.894490,4,, , ,,,,,,,,,,,,,
Non-BRTS,101-D,101-D-13,13,Vanwadi Corner,वानवडी कॉर्नर,18.498479,73.895317,5,,, , ,,,,,,,,,,,,
Non-BRTS,101-D,101-D-14,14,Military Hospital Vanawadi ,मिल्ट्री हॉस्पिटल वानवडी,18.501818,73.890816,5,,, , ,,,,,,,,,,,,
Non-BRTS,101-D,101-D-15,15,Limb Center,लिंब सेंटर,18.503897,73.887724,5    
Non-BRTS,101-D,101-D-16,16,Mahatma Gandhi Stand,महात्मा गांधी स्टॅण्ड,18.504904,73.882404,5    
Non-BRTS,101-D,101-D-17,17,Golibar Maidan,गोळीबार मैदान,18.502202,73.876229,6,,, , ,,,,,,,,,,,,
Non-BRTS,101-D,101-D-18,18,Meera Society,मिरा सोसायटी,18.501784,73.872310,6,, ,, ,,,,,,,,,,,,
Non-BRTS,101-D,101-D-19,19,ST Vibhagiya Karyalay,एसटी विभागीय कार्यालय,18.500407,73.866537,6,,, ,,,,,,,,,,,,,
Non-BRTS,101-D,101-D-20,20,Ghorpade Peth,घोरपडे पेठ,18.499884,73.863814,6    
Non-BRTS,101-D,101-D-21,21,Swargate Depo,स्वारगेट डेपो,18.500158,73.861415,7    
Non-BRTS,101-D,101-D-22,22,Nehru Stadium,नेहरू स्‍टेडीयम,18.501110,73.855510,7    
Non-BRTS,101-D,101-D-23,23,Sarasbaug,सारसबाग,18.503399,73.853721,7    
Non-BRTS,101-D,101-D-24,24,Madiwale Colony,माडीवाले कॉलनी,18.506132,73.852753,7    
Non-BRTS,101-D,101-D-25,25,SP College,एसपी कॉलेज,18.507086,73.851410,7    
Non-BRTS,101-D,101-D-26,26,Maharashtra Mandal,महाराष्ट्र मंडळ,18.509646,73.847397,7    
Non-BRTS,101-D,101-D-27,27,Sahitya Parishad,साहित्य परिषद,18.510901,73.845717,8    
Non-BRTS,101-D,101-D-28,28,Deccan Corner,डेक्कन कॉर्नर,18.513955,73.841853,8    
Non-BRTS,101-D,101-D-29,29,Garware College,गरवारे कॉलेज,18.512112,73.838403,8    
Non-BRTS,101-D,101-D-30,30,Sonal Hall,सोनल हॉल,18.510405,73.834854,8    
Non-BRTS,101-D,101-D-31,31,Nal Stop,नळ स्टॉप,18.508895,73.832018,8    
Non-BRTS,101-D,101-D-32,32,SNDT College,एसएनडीटी कॉलेज,18.507228,73.828329,9    
Non-BRTS,101-D,101-D-33,33,Paud Phata,पौड फाटा,18.505422,73.824295,9    
Non-BRTS,101-D,101-D-34,34,More Vidyalay,मोरे विद्यालय,18.510395,73.820072,9    
Non-BRTS,101-D,101-D-35,35,Ideal Colony,आयडियल कॉलनी,18.510170,73.817161,9    
Non-BRTS,101-D,101-D-36,36,Anandnagar Kothrud,आनंदनगर कोथरुड ,18.509647,73.814515,9    
Non-BRTS,101-D,101-D-37,37,Jai Bhavaninagar,जय भवानीनगर,18.509218,73.811546,10    
Non-BRTS,101-D,101-D-38,38,Pratiknagar,प्रतीकनगर,18.508295,73.810438,10    
Non-BRTS,101-D,101-D-39,39,Vanaj Corner,वनाज कॉर्नर,18.507359,73.807311,10    
Non-BRTS,101-D,101-D-40,40,Vanaj Company,वनाज कंपनी,18.506992,73.804100,10    
Non-BRTS,101-D,101-D-41,41,Kachara Depot Kothrud,कचरा डेपो कोथरुड ,18.507439,73.799912,10    
Non-BRTS,101-D,101-D-42,42,Bharatinagar,भारतीनगर,18.507788,73.796761,10    
Non-BRTS,101-D,101-D-43,43,Kothrud Depot,कोथरुड डेपो,18.507906,73.794907,11    
Non-BRTS,101-U,101-U-00,0,Kothrud Depot,कोथरुड डेपो,18.507906,73.794907,1    
Non-BRTS,101-U,101-U-01,1,Bharatinagar,भारतीनगर,18.507884,73.796801,1    
Non-BRTS,101-U,101-U-02,2,Kachara Depot Kothrud,कचरा डेपो कोथरुड ,18.507548,73.799954,1    
Non-BRTS,101-U,101-U-03,3,Vanaj Company,वनाज कंपनी,18.507148,73.804146,1    
Non-BRTS,101-U,101-U-04,4,Vanaj Corner,वनाज कॉर्नर,18.507473,73.807289,1    
Non-BRTS,101-U,101-U-05,5,Pratiknagar,प्रतीकनगर,18.508367,73.809884,1    
Non-BRTS,101-U,101-U-06,6,Jai Bhavaninagar,जय भवानीनगर,18.509302,73.811512,2    
Non-BRTS,101-U,101-U-07,7,Anandnagar Kothrud,आनंदनगर कोथरुड ,18.509693,73.814499,2    
Non-BRTS,101-U,101-U-08,8,Ideal Colony,आयडियल कॉलनी,18.510847,73.817492,2    
Non-BRTS,101-U,101-U-09,9,More Vidyalay,मोरे विद्यालय,18.510205,73.820845,2    
Non-BRTS,101-U,101-U-10,10,Paud Phata,पौड फाटा,18.506051,73.826171,2    
Non-BRTS,101-U,101-U-11,11,SNDT College,एसएनडीटी कॉलेज,18.507301,73.828511,3    
Non-BRTS,101-U,101-U-12,12,Nal Stop,नळ स्टॉप,18.509020,73.831963,3    
Non-BRTS,101-U,101-U-13,13,Sonal Hall,सोनल हॉल,18.510452,73.834959,3    
Non-BRTS,101-U,101-U-14,14,Garware College,गरवारे कॉलेज,18.512424,73.838716,3    
Non-BRTS,101-U,101-U-15,15,Deccan Corner,डेक्कन कॉर्नर,18.513532,73.841372,3    
Non-BRTS,101-U,101-U-16,16,Sahitya Parishad,साहित्य परिषद,18.510916,73.845720,4    
Non-BRTS,101-U,101-U-17,17,Maharashtra Mandal,महाराष्ट्र मंडळ,18.509646,73.847397,4    
Non-BRTS,101-U,101-U-18,18,SP College,एसपी कॉलेज,18.507086,73.851410,4    
Non-BRTS,101-U,101-U-19,19,Madiwale Colony,माडीवाले कॉलनी,18.506132,73.852753,4    
Non-BRTS,101-U,101-U-20,20,Hirabaug,हिराबाग,18.504350,73.854800,4    
Non-BRTS,101-U,101-U-21,21,Swargate Corner,स्वारगेट कॉर्नर,18.501730,73.857800,4    
Non-BRTS,101-U,101-U-22,22,Swargate Depo,स्वारगेट डेपो,18.500535,73.859687,5    
Non-BRTS,101-U,101-U-23,23,Ghorpade Peth,घोरपडे पेठ,18.499980,73.863851,5    
Non-BRTS,101-U,101-U-24,24,ST Vibhagiya Karyalay,एसटी विभागीय कार्यालय,18.500575,73.866515,5    
Non-BRTS,101-U,101-U-25,25,Meera Society,मिरा सोसायटी,18.501995,73.872246,5    
Non-BRTS,101-U,101-U-26,26,Golibar Maidan,गोळीबार मैदान,18.502283,73.876167,6    
Non-BRTS,101-U,101-U-27,27,Mahatma Gandhi Stand,महात्मा गांधी स्टॅण्ड,18.506507,73.882175,6    
Non-BRTS,101-U,101-U-28,28,Limb Center,लिंब सेंटर,18.503999,73.887658,6    
Non-BRTS,101-U,101-U-29,29,Military Hospital Vanawadi ,मिल्ट्री हॉस्पिटल वानवडी,18.501740,73.891020,6    
Non-BRTS,101-U,101-U-30,30,Vanwadi Corner,वानवडी कॉर्नर,18.498444,73.895615,7    
Non-BRTS,101-U,101-U-31,31,Vanwadi Bazar,वानवडी बाजार ,18.495112,73.894592,7    
Non-BRTS,101-U,101-U-32,32,Shinde Chhatri,शिंदे छत्री,18.492664,73.894238,7    
Non-BRTS,101-U,101-U-33,33,Netajinagar,नेताजीनगर,18.488081,73.892815,7    
Non-BRTS,101-U,101-U-34,34,Lullanagar,लुल्लानगर,18.485188,73.889628,8    
Non-BRTS,101-U,101-U-35,35,Kamela,कमेला,18.482385,73.891223,8    
Non-BRTS,101-U,101-U-36,36,U Co Bank,यू को बँक,18.478716,73.890724,8    
Non-BRTS,101-U,101-U-37,37,Kondhwa Shala,कोंढवा शाळा,18.476982,73.889850,8    
Non-BRTS,101-U,101-U-38,38,Kondhwa Kh,कोंढवा खुर्द,18.472810,73.889162,9    
Non-BRTS,101-U,101-U-39,39,Chaitanya Vidyalay,चैतन्य विद्यालय,18.468639,73.889038,9    
Non-BRTS,101-U,101-U-40,40,Kondhwa Police Station,कोंढवा पोलीस स्टेशन,18.462845,73.889767,9    
Non-BRTS,101-U,101-U-41,41,Talab Company,तालाब कंपनी,18.461805,73.890288,9    
Non-BRTS,101-U,101-U-42,42,Ramdas Maral,रामदास मरळ,18.457354,73.890823,10    
Non-BRTS,101-U,101-U-43,43,Kondhwa Bk,कोंढवा बु.,18.454190,73.890660,11    
Non-BRTS,102-D,102-D-00,0,Lohgaon,लोहगांव,18.595764,73.924774,1    
Non-BRTS,102-D,102-D-01,1,Panyachi Taki Lohgaon,पाण्याची टाकी लोहगाव ,18.593530,73.922612,1    
Non-BRTS,102-D,102-D-02,2,Kendriya Vidyalay Lohgaon ,केंद्रीय विद्यालय लोहगाव ,18.591720,73.916870,1    
Non-BRTS,102-D,102-D-03,3,Officers Mess,ऑफिसर्स मेस,18.589834,73.914533,2    
Non-BRTS,102-D,102-D-04,4,Kalwad,कलवड,18.585337,73.905136,2    
Non-BRTS,102-D,102-D-05,5,Burma Shell,बर्मा शेल,18.577938,73.903107,3    
Non-BRTS,102-D,102-D-06,6,509,509,18.574501,73.899612,3    
Non-BRTS,102-D,102-D-07,7,Sanjay Park,संजय पार्क,18.572208,73.899612,3,,,,,,,,, ,,,,,,,
Non-BRTS,102-D,102-D-08,8,Gaurdroom,गार्डरूम,18.566015,73.895273,3    
Non-BRTS,102-D,102-D-09,9,Nagpur Chawl,नागपूर चाळ,18.563985,73.893598,4    
Non-BRTS,102-D,102-D-10,10,Yerwada Post Office,येरवडा पोस्ट ऑफिस,18.559866,73.891774,4    
Non-BRTS,102-D,102-D-11,11,Vikrikar Karyalay,विक्रीकर कार्यालय ,18.554165,73.890091,4    
Non-BRTS,102-D,102-D-12,12,Netaji Highschool,नेताजी हायस्कूल,18.552010,73.889595,5    
Non-BRTS,102-D,102-D-13,13,Neeta Park,निता पार्क,18.545632,73.888562,5    
Non-BRTS,102-D,102-D-14,14,Yerawada,येरवडा,18.545026,73.885453,5    
Non-BRTS,102-D,102-D-15,15,Bundgarden,बंडगार्डन,18.540804,73.883695,6    
Non-BRTS,102-D,102-D-16,16,Wadia College,वाडीया कॉलेज,18.535970,73.880390,6    
Non-BRTS,102-D,102-D-17,17,Jehangir Hospital,जहांगीर हॉस्पिटल,18.529768,73.875913,6    
Non-BRTS,102-D,102-D-18,18,Alankar Talkies,अलंकार टॉकिज,18.528458,73.876220,6    
Non-BRTS,102-D,102-D-19,19,Incometax Office,इनकमटॅक्स ऑफिस,18.525427,73.876599,6    
Non-BRTS,102-D,102-D-20,20,GPO,जीपीओ,18.523011,73.876202,6    
Non-BRTS,102-D,102-D-21,21,Collector Kacheri,कलेक्टर कचेरी,18.524353,73.871855,7    
Non-BRTS,102-D,102-D-22,22,Gadital,गाडीतळ,18.527258,73.864116,8    
Non-BRTS,102-D,102-D-23,23,RTO,आरटीओ,18.529804,73.862656,8    
Non-BRTS,102-D,102-D-24,24,Engineering College,इंजिनिअरिंग कॉलेज,18.530258,73.854485,8    
Non-BRTS,102-D,102-D-25,25,COEP Hostel,सीओईपी हॉस्टेल,18.528593,73.852315,9    
Non-BRTS,102-D,102-D-26,26,Modern HighSchool,मॉडर्न हायस्कुल,18.524627,73.849350,9    
Non-BRTS,102-D,102-D-27,27,Balgandharv,बालगंधर्व,18.522997,73.848318,9    
Non-BRTS,102-D,102-D-28,28,Natraj Talkies,नटराज टॉकीज ,18.519260,73.845270,9    
Non-BRTS,102-D,102-D-29,29,Deccan Gymkhana,डेक्कन जिमखाना,18.516741,73.842918,10    
Non-BRTS,102-D,102-D-30,30,Deccan Corner,डेक्कन कॉर्नर,18.513955,73.841853,10    
Non-BRTS,102-D,102-D-31,31,Garware College,गरवारे कॉलेज,18.512112,73.838403,10    
Non-BRTS,102-D,102-D-32,32,Sonal Hall,सोनल हॉल,18.510405,73.834854,10    
Non-BRTS,102-D,102-D-33,33,Nal Stop,नळ स्टॉप,18.508895,73.832018,10    
Non-BRTS,102-D,102-D-34,34,SNDT College,एसएनडीटी कॉलेज,18.507228,73.828329,11    
Non-BRTS,102-D,102-D-35,35,Paud Phata,पौड फाटा,18.505422,73.824295,11    
Non-BRTS,102-D,102-D-36,36,More Vidyalay,मोरे विद्यालय,18.510450,73.819634,11    
Non-BRTS,102-D,102-D-37,37,Ideal Colony,आयडियल कॉलनी,18.510170,73.817161,11    
Non-BRTS,102-D,102-D-38,38,Anandnagar Kothrud,आनंदनगर कोथरुड ,18.509647,73.814502,11    
Non-BRTS,102-D,102-D-39,39,Jai Bhavaninagar,जय भवानीनगर,18.509376,73.812227,12    
Non-BRTS,102-D,102-D-40,40,Pratiknagar,प्रतीकनगर,18.508257,73.810270,12    
Non-BRTS,102-D,102-D-41,41,Vanaj Corner,वनाज कॉर्नर,18.507381,73.807383,12    
Non-BRTS,102-D,102-D-42,42,Vanaj Company,वनाज कंपनी,18.507128,73.805019,12    
Non-BRTS,102-D,102-D-43,43,Shikshaknagar,शिक्षकनगर,18.510285,73.803364,12    
Non-BRTS,102-D,102-D-44,44,Paramhansnagar,परमहंसनगर,18.512042,73.803147,13    
Non-BRTS,102-D,102-D-45,45,Shikshaknagar,शिक्षकनगर,18.510285,73.803364,13    
Non-BRTS,102-D,102-D-46,46,Kachara Depot Kothrud,कचरा डेपो कोथरुड ,18.507439,73.799912,13    
Non-BRTS,102-D,102-D-47,47,Bharatinagar,भारतीनगर,18.507788,73.796761,13    
Non-BRTS,102-D,102-D-48,48,Kothrud Depot,कोथरुड डेपो,18.507906,73.794907,14    
Non-BRTS,102-U,102-U-00,0,Kothrud Depot,कोथरुड डेपो,18.507906,73.794907,1,,     
Non-BRTS,102-U,102-U-01,1,Bharatinagar,भारतीनगर,18.507906,73.796750,1    
Non-BRTS,102-U,102-U-02,2,Kachara Depot Kothrud,कचरा डेपो कोथरुड ,18.507551,73.799908,1    
Non-BRTS,102-U,102-U-03,3,Shikshaknagar,शिक्षकनगर,18.509734,73.803396,1    
Non-BRTS,102-U,102-U-04,4,Paramhansnagar,परमहंसनगर,18.512165,73.803112,2    
Non-BRTS,102-U,102-U-05,5,Shikshaknagar,शिक्षकनगर,18.509734,73.803396,2    
Non-BRTS,102-U,102-U-06,6,Vanaj Company,वनाज कंपनी,18.507205,73.805158,2    
Non-BRTS,102-U,102-U-07,7,Vanaj Corner,वनाज कॉर्नर,18.507473,73.807289,2    
Non-BRTS,102-U,102-U-08,8,Pratiknagar,प्रतीकनगर,18.508357,73.809815,2    
Non-BRTS,102-U,102-U-09,9,Jai Bhavaninagar,जय भवानीनगर,18.509302,73.811528,3    
Non-BRTS,102-U,102-U-10,10,Anandnagar Kothrud,आनंदनगर कोथरुड ,18.509693,73.814499,3    
Non-BRTS,102-U,102-U-11,11,Ideal Colony,आयडियल कॉलनी,18.510847,73.817492,3    
Non-BRTS,102-U,102-U-12,12,More Vidyalay,मोरे विद्यालय,18.510875,73.819868,3    
Non-BRTS,102-U,102-U-13,13,Paud Phata,पौड फाटा,18.506051,73.826171,3    
Non-BRTS,102-U,102-U-14,14,SNDT College,एसएनडीटी कॉलेज,18.507301,73.828511,4    
Non-BRTS,102-U,102-U-15,15,Nal Stop,नळ स्टॉप,18.509020,73.831963,4    
Non-BRTS,102-U,102-U-16,16,Sonal Hall,सोनल हॉल,18.510452,73.834959,4    
Non-BRTS,102-U,102-U-17,17,Garware College,गरवारे कॉलेज,18.512424,73.838716,4    
Non-BRTS,102-U,102-U-18,18,Deccan Corner,डेक्कन कॉर्नर,18.513532,73.841372,4    
Non-BRTS,102-U,102-U-19,19,Goodluck Chowk,गुडलक चौक,18.517554,73.841565,5    
Non-BRTS,102-U,102-U-20,20,Fergusson College,फर्ग्युसन कॉलेज,18.522284,73.840946,5    
Non-BRTS,102-U,102-U-21,21,Dnyaneshwar Paduka,ज्ञानेश्र्वर पादुका ,18.526400,73.841896,5    
Non-BRTS,102-U,102-U-22,22,Police Ground,पोलीस ग्राउंड,18.530705,73.844133,5    
Non-BRTS,102-U,102-U-23,23,Simla Office,सिमला ऑफिस,18.530306,73.849098,5    
Non-BRTS,102-U,102-U-24,24,Lokmangal,लोकमंगल,18.530080,73.850760,6    
Non-BRTS,102-U,102-U-25,25,Engineering College,इंजिनिअरिंग कॉलेज,18.530093,73.856675,6    
Non-BRTS,102-U,102-U-26,26,RTO,आरटीओ,18.529658,73.862730,6    
Non-BRTS,102-U,102-U-27,27,Gadital,गाडीतळ,18.527127,73.864549,7    
Non-BRTS,102-U,102-U-28,28,Ambedkar Bhavan,आंबेडकर भवन,18.524302,73.870437,7    
Non-BRTS,102-U,102-U-29,29,Sasoon Hospital,ससून हॉस्पिटल ,18.525642,73.872047,7    
Non-BRTS,102-U,102-U-30,30,Pune Station,पुणे स्टेशन,18.528343,73.874137,8    
Non-BRTS,102-U,102-U-31,31,Ruby Hall,रूबी हॉल,18.533150,73.878084,8    
Non-BRTS,102-U,102-U-32,32,Guruprasad Bungalow,गुरूप्रसाद बंगला,18.536776,73.880954,8    
Non-BRTS,102-U,102-U-33,33,Bundgarden,बंडगार्डन,18.540947,73.883532,9    
Non-BRTS,102-U,102-U-34,34,Yerawada,येरवडा,18.545370,73.885320,9    
Non-BRTS,102-U,102-U-35,35,Neeta Park,निता पार्क,18.545792,73.888033,9    
Non-BRTS,102-U,102-U-36,36,Netaji Highschool,नेताजी हायस्कूल,18.552040,73.889488,10    
Non-BRTS,102-U,102-U-37,37,Vikrikar Karyalay,विक्रीकर कार्यालय ,18.555959,73.890432,10    
Non-BRTS,102-U,102-U-38,38,Yerwada Post Office,येरवडा पोस्ट ऑफिस,18.559306,73.891414,10    
Non-BRTS,102-U,102-U-39,39,Nagpur Chawl,नागपूर चाळ,18.564034,73.893456,11    
Non-BRTS,102-U,102-U-40,40,Gaurdroom,गार्डरूम,18.565645,73.894787,11    
Non-BRTS,102-U,102-U-41,41,Sanjay Park,संजय पार्क,18.572214,73.899531,11    
Non-BRTS,102-U,102-U-42,42,509,509,18.574546,73.899543,11    
Non-BRTS,102-U,102-U-43,43,Burma Shell,बर्मा शेल,18.577971,73.903098,12    
Non-BRTS,102-U,102-U-44,44,Kalwad,कलवड,18.585317,73.905087,12    
Non-BRTS,102-U,102-U-45,45,Officers Mess,ऑफिसर्स मेस,18.590681,73.915458,13    
Non-BRTS,102-U,102-U-46,46,Kendriya Vidyalay Lohgaon,केंद्रीय विद्यालय लोहगाव ,18.591810,73.917040,13    
Non-BRTS,102-U,102-U-47,47,Panyachi Taki Lohgaon,पाण्याची टाकी लोहगाव ,18.593540,73.922604,13    
Non-BRTS,102-U,102-U-48,48,Lohgaon,लोहगांव,18.595764,73.924774,14    
Non-BRTS,103A-D,103A-D-00,0,Hinjawadi Maan Phase 3,हिंजवडी माण फेज ३,18.576553,73.688178,1    
Non-BRTS,103A-D,103A-D-01,1,Mahindra Tech,महिंद्रा टेक,18.581103,73.687598,1    
Non-BRTS,103A-D,103A-D-02,2,Tata Motors,टाटा मोटर्स,18.586817,73.699879,2    
Non-BRTS,103A-D,103A-D-03,3,Power House Hinjawadi,पॉवर हाऊस हिंजवडी,18.588990,73.705400,2    
Non-BRTS,103A-D,103A-D-04,4,Infosys Phase 2,इन्फोसीस फेज 2,18.593516,73.707679,3    
Non-BRTS,103A-D,103A-D-05,5,Emcure,एमक्युअर,18.596016,73.712765,3    
Non-BRTS,103A-D,103A-D-06,6,Wipro Company Circle,विप्रो कंपनी सर्कल,18.596911,73.718287,4,,     
Non-BRTS,103A-D,103A-D-07,7,Tata Johnsan,टाटा जॉन्सन,18.594508,73.728077,4    
Non-BRTS,103A-D,103A-D-08,8,Geometric,जिओमॅट्रीक,18.593317,73.732536,4,,, ,,,,,,,,,,,,,
Non-BRTS,103A-D,103A-D-09,9,Siemens,सिमेन्स,18.587633,73.733312,4    
Non-BRTS,103A-D,103A-D-10,10,Infosys Phase 1,इन्फोसीस फेज 1,18.586529,73.733807,5    
Non-BRTS,103A-D,103A-D-11,11,Shivaji Chowk Hinjawadi,शिवाजी चौक हिंजवडी,18.591606,73.738883,5    
Non-BRTS,103A-D,103A-D-12,12,Hinjawadi Jakat Naka,हिंजवडी जकात नाका,18.595850,73.740310,6    
Non-BRTS,103A-D,103A-D-13,13,Sawtamali Mandir,सावतामाळी मंदिर,18.592078,73.754691,6    
Non-BRTS,103A-D,103A-D-14,14,Wakad Bridge,वाकड ब्रीज,18.592183,73.756818,7    
Non-BRTS,103A-D,103A-D-15,15,Digambar Marble,दिगंबर मार्बल,18.582949,73.760815,7,,, ,,,,,,,,,,,,,
Non-BRTS,103A-D,103A-D-16,16,Balewadi Stadium,बालेवाडी स्टेडीयम,18.574834,73.763761,8    
Non-BRTS,103A-D,103A-D-17,17,Yashoda Niwas,यशोदा निवास,18.564078,73.767816,8    
Non-BRTS,103A-D,103A-D-18,18,Girme Park,गिरमे पार्क,18.548395,73.773443,9    
Non-BRTS,103A-D,103A-D-19,19,West Wing Society,वेस्ट विंग सोसायटी,18.548220,73.773730,9,,,"18.54822,73.77373",,,,,,,,,,,,,
Non-BRTS,103A-D,103A-D-20,20,Suskhind Phata,सुसखिंड फाटा,18.547318,73.772755,9    
Non-BRTS,103A-D,103A-D-21,21,Abhinav College,अभिनव कॉलेज,18.545238,73.778687,10    
Non-BRTS,103A-D,103A-D-22,22,Pandavnagar Pashan,पांडवनगर पाषाण,18.544040,73.782770,10    
Non-BRTS,103A-D,103A-D-23,23,Sai Chowk Pashan Sus Road,साई चौक पाषाण सुस रोड ,18.543580,73.785680,10    
Non-BRTS,103A-D,103A-D-24,24,Vishwakarma,विश्वकर्मा,18.543280,73.786800,10    
Non-BRTS,103A-D,103A-D-25,25,Balaji Mandir,बालाजी मंदिर,18.542670,73.790150,10    
Non-BRTS,103A-D,103A-D-26,26,Dattamandir Pashan Road,दत्तमंदिर पाषाण रोड,18.541580,73.791950,10,,, ,,,,,,,,,,,,,
Non-BRTS,103A-D,103A-D-27,27,Kokate Aali,कोकाटे आळी,18.539475,73.793939,11    
Non-BRTS,103A-D,103A-D-28,28,Pashan Naka,पाषाण नाका,18.538037,73.797096,11    
Non-BRTS,103A-D,103A-D-29,29,MES Pumping Station,एमईएस पंपिंग स्टेशन,18.536562,73.795668,11    
Non-BRTS,103A-D,103A-D-30,30,ARDE Colony,एआरडीइ कॉलनी,18.533527,73.793763,12    
Non-BRTS,103A-D,103A-D-31,31,Pashan Tank Rasta,पाषाण टँक रस्ता,18.526654,73.786740,12    
Non-BRTS,103A-D,103A-D-32,32,Bharat Ele Company,भारत इले. कंपनी,18.526118,73.781996,13    
Non-BRTS,103A-D,103A-D-33,33,Bavdhan Phata,बावधान फाटा,18.519627,73.778837,13    
Non-BRTS,103A-D,103A-D-34,34,Bavdhangaon,बावधनगांव,18.515385,73.782143,13    
Non-BRTS,103A-D,103A-D-35,35,Shindenagar Bawdhan,शिंदेनगर बावधन,18.512221,73.782226,13    
Non-BRTS,103A-D,103A-D-36,36,Chandani Chowk,चांदणी चौक,18.507585,73.784913,14    
Non-BRTS,103A-D,103A-D-37,37,Shinde Farm,शिंदे फार्म,18.508467,73.789879,14    
Non-BRTS,103A-D,103A-D-38,38,Kothrud Depot,कोथरुड डेपो,18.508068,73.795788,15    
Non-BRTS,103A-D,103A-D-39,39,Bharatinagar,भारतीनगर,18.507870,73.797049,15    
Non-BRTS,103A-D,103A-D-40,40,Kachara Depot Kothrud,कचरा डेपो कोथरुड ,18.507567,73.799753,15    
Non-BRTS,103A-D,103A-D-41,41,Vanaj Company,वनाज कंपनी,18.507143,73.803920,15    
Non-BRTS,103A-D,103A-D-42,42,Vanaj Corner,वनाज कॉर्नर,18.507474,73.807361,15    
Non-BRTS,103A-D,103A-D-43,43,Pratiknagar,प्रतीकनगर,18.508346,73.809797,15    
Non-BRTS,103A-D,103A-D-44,44,Jai Bhavaninagar,जय भवानीनगर,18.509559,73.812613,16    
Non-BRTS,103A-D,103A-D-45,45,Anandnagar Kothrud,आनंदनगर कोथरुड ,18.509819,73.814820,16    
Non-BRTS,103A-D,103A-D-46,46,Ideal Colony,आयडियल कॉलनी,18.510170,73.817161,16    
Non-BRTS,103A-D,103A-D-47,47,More Vidyalay,मोरे विद्यालय,18.509974,73.821185,16    
Non-BRTS,103A-D,103A-D-48,48,Paud Phata,पौड फाटा,18.505422,73.824295,16    
Non-BRTS,103A-D,103A-D-49,49,SNDT College,एसएनडीटी कॉलेज,18.507228,73.828329,17    
Non-BRTS,103A-D,103A-D-50,50,Nal Stop,नळ स्टॉप,18.508895,73.832018,17    
Non-BRTS,103A-D,103A-D-51,51,Sonal Hall,सोनल हॉल,18.510405,73.834854,17    
Non-BRTS,103A-D,103A-D-52,52,Garware College,गरवारे कॉलेज,18.512112,73.838403,17    
Non-BRTS,103A-D,103A-D-53,53,Deccan Corner,डेक्कन कॉर्नर,18.513955,73.841853,17    
Non-BRTS,103A-D,103A-D-54,54,Sahitya Parishad,साहित्य परिषद,18.510901,73.845689,18    
Non-BRTS,103A-D,103A-D-55,55,Maharashtra Mandal,महाराष्ट्र मंडळ,18.509618,73.847475,18    
Non-BRTS,103A-D,103A-D-56,56,SP College,एसपी कॉलेज,18.507182,73.851614,18    
Non-BRTS,103A-D,103A-D-57,57,Madiwale Colony,माडीवाले कॉलनी,18.506216,73.852650,18    
Non-BRTS,103A-D,103A-D-58,58,Hirabaug,हिराबाग,18.504460,73.854932,18    
Non-BRTS,103A-D,103A-D-59,59,Swargate Corner,स्वारगेट कॉर्नर,18.501739,73.857825,18    
Non-BRTS,103A-D,103A-D-60,60,Swargate,स्वारगेट,18.500441,73.859475,19    
Non-BRTS,103A-D,103A-D-61,61,Lakshminarayan,लक्ष्मीनारायण,18.496895,73.858215,19    
Non-BRTS,103A-D,103A-D-62,62,ST Colony,एसटी कॉलनी,18.493010,73.857955,19    
Non-BRTS,103A-D,103A-D-63,63,Bhapkar Petrol Pump,भापकर पेट्रोल पंप,18.489664,73.857645,19    
Non-BRTS,103A-D,103A-D-64,64,Aranyeshwar Corner,अरण्येश्वर कॉर्नर,18.486381,73.857675,19    
Non-BRTS,103A-D,103A-D-65,65,Natubaug,नातुबाग,18.481030,73.857167,20    
Non-BRTS,103A-D,103A-D-66,66,Padmawati,पद्मावती,18.477347,73.857244,20    
Non-BRTS,103A-D,103A-D-67,67,Shankar Maharaj Math,शंकर महाराज मठ,18.470738,73.857234,20    
Non-BRTS,103A-D,103A-D-68,68,Balajinagar,बालाजीनगर,18.464405,73.858154,21    
Non-BRTS,103A-D,103A-D-69,69,Bharati Vidyapeeth Gate,भारती विद्यापीठ गेट,18.457434,73.858200,21    
Non-BRTS,103A-D,103A-D-70,70,Sarpodyan,सर्पोद्यान,18.454675,73.858530,21    
Non-BRTS,103A-D,103A-D-71,71,Morebaug,मोरेबाग,18.449848,73.858307,21    
Non-BRTS,103A-D,103A-D-72,72,Katraj ,कात्रज,18.447486,73.859609,22    
Non-BRTS,103A-U,103A-U-00,0,Katraj,कात्रज,18.446561,73.858869,1    
Non-BRTS,103A-U,103A-U-01,1,Morebaug,मोरेबाग,18.449829,73.858087,1    
Non-BRTS,103A-U,103A-U-02,2,Sarpodyan,सर्पोद्यान,18.453916,73.858360,1    
Non-BRTS,103A-U,103A-U-03,3,Bharati Vidyapeeth Gate,भारती विद्यापीठ गेट,18.457616,73.858154,1    
Non-BRTS,103A-U,103A-U-04,4,Balajinagar,बालाजीनगर,18.464558,73.857973,2    
Non-BRTS,103A-U,103A-U-05,5,Shankar Maharaj Math,शंकर महाराज मठ,18.470349,73.857067,2    
Non-BRTS,103A-U,103A-U-06,6,Padmawati,पद्मावती,18.477360,73.857010,2    
Non-BRTS,103A-U,103A-U-07,7,Natubaug,नातुबाग,18.481595,73.857094,3    
Non-BRTS,103A-U,103A-U-08,8,Aranyeshwar Corner,अरण्येश्वर कॉर्नर,18.486482,73.857507,3    
Non-BRTS,103A-U,103A-U-09,9,Bhapkar Petrol Pump,भापकर पेट्रोल पंप,18.489710,73.857650,3    
Non-BRTS,103A-U,103A-U-10,10,ST Colony,एसटी कॉलनी,18.493610,73.857798,3    
Non-BRTS,103A-U,103A-U-11,11,Lakshminarayan,लक्ष्मीनारायण,18.496397,73.857896,3    
Non-BRTS,103A-U,103A-U-12,12,Swargate,स्वारगेट,18.499353,73.858142,4    
Non-BRTS,103A-U,103A-U-13,13,Nehru Stadium,नेहरू स्‍टेडीयम,18.501110,73.855520,4    
Non-BRTS,103A-U,103A-U-14,14,Sarasbaug,सारसबाग,18.503333,73.853667,4    
Non-BRTS,103A-U,103A-U-15,15,Madiwale Colony,माडीवाले कॉलनी,18.505837,73.852951,4    
Non-BRTS,103A-U,103A-U-16,16,SP College,एसपी कॉलेज,18.507333,73.850890,4    
Non-BRTS,103A-U,103A-U-17,17,Maharashtra Mandal,महाराष्ट्र मंडळ,18.509529,73.847532,4    
Non-BRTS,103A-U,103A-U-18,18,Sahitya Parishad,साहित्य परिषद,18.511114,73.845454,5    
Non-BRTS,103A-U,103A-U-19,19,Deccan Corner,डेक्कन कॉर्नर,18.513532,73.841372,5    
Non-BRTS,103A-U,103A-U-20,20,Garware College,गरवारे कॉलेज,18.512424,73.838716,5    
Non-BRTS,103A-U,103A-U-21,21,Sonal Hall,सोनल हॉल,18.510452,73.834959,5    
Non-BRTS,103A-U,103A-U-22,22,Nal Stop,नळ स्टॉप,18.509020,73.831963,5    
Non-BRTS,103A-U,103A-U-23,23,SNDT College,एसएनडीटी कॉलेज,18.507301,73.828511,6    
Non-BRTS,103A-U,103A-U-24,24,Paud Phata,पौड फाटा,18.506051,73.826171,6    
Non-BRTS,103A-U,103A-U-25,25,More Vidyalay,मोरे विद्यालय,18.510422,73.819579,6    
Non-BRTS,103A-U,103A-U-26,26,Ideal Colony,आयडियल कॉलनी,18.510847,73.817492,6    
Non-BRTS,103A-U,103A-U-27,27,Anandnagar Kothrud,आनंदनगर कोथरुड ,18.509512,73.814236,6    
Non-BRTS,103A-U,103A-U-28,28,Jai Bhavaninagar,जय भवानीनगर,18.509323,73.812005,7    
Non-BRTS,103A-U,103A-U-29,29,Pratiknagar,प्रतीकनगर,18.508096,73.809435,7    
Non-BRTS,103A-U,103A-U-30,30,Vanaj Corner,वनाज कॉर्नर,18.507322,73.807385,7    
Non-BRTS,103A-U,103A-U-31,31,Vanaj Company,वनाज कंपनी,18.506987,73.803987,7    
Non-BRTS,103A-U,103A-U-32,32,Kachara Depot Kothrud,कचरा डेपो कोथरुड ,18.507414,73.799267,7    
Non-BRTS,103A-U,103A-U-33,33,Bharatinagar,भारतीनगर,18.507729,73.796915,7    
Non-BRTS,103A-U,103A-U-34,34,Kothrud Depot,कोथरुड डेपो,18.507857,73.794940,8    
Non-BRTS,103A-U,103A-U-35,35,Shinde Farm,शिंदे फार्म,18.508300,73.790417,8    
Non-BRTS,103A-U,103A-U-36,36,Chandani Chowk,चांदणी चौक,18.507828,73.783257,9    
Non-BRTS,103A-U,103A-U-37,37,Shindenagar Bawdhan,शिंदेनगर बावधन,18.512221,73.782226,9    
Non-BRTS,103A-U,103A-U-38,38,Bavdhangaon,बावधनगांव,18.516943,73.781253,9    
Non-BRTS,103A-U,103A-U-39,39,Bavdhan Phata,बावधान फाटा,18.522597,73.779840,9    
Non-BRTS,103A-U,103A-U-40,40,Bharat Ele Company,भारत इले. कंपनी,18.525975,73.781777,10    
Non-BRTS,103A-U,103A-U-41,41,Pashan Tank Rasta,पाषाण टँक रस्ता,18.526920,73.790348,10    
Non-BRTS,103A-U,103A-U-42,42,ARDE Colony,एआरडीइ कॉलनी,18.533527,73.793763,11    
Non-BRTS,103A-U,103A-U-43,43,MES Pumping Station,एमईएस पंपिंग स्टेशन,18.536562,73.795668,11    
Non-BRTS,103A-U,103A-U-44,44,Pashan Naka,पाषाण नाका,18.537647,73.795850,11    
Non-BRTS,103A-U,103A-U-45,45,Kokate Aali,कोकाटे आळी,18.538980,73.793805,12    
Non-BRTS,103A-U,103A-U-46,46,Dattamandir Pashan Road,दत्तमंदिर पाषाण रोड,18.541540,73.791840,12    
Non-BRTS,103A-U,103A-U-47,47,Balaji Mandir,बालाजी मंदिर,18.542850,73.789820,12,,, ,,,,,,,,,,,,,
Non-BRTS,103A-U,103A-U-48,48,Vishwakarma,विश्वकर्मा,18.543350,73.786890,12,,, ,,,,,,,,,,,,,
Non-BRTS,103A-U,103A-U-49,49,Sai Chowk Pashan Sus Road,साई चौक पाषाण सुस रोड ,18.543480,73.785180,12    
Non-BRTS,103A-U,103A-U-50,50,Pandavnagar Pashan,पांडवनगर पाषाण,18.543940,73.782730,12,,, ,,,,,,,,,,,,,
Non-BRTS,103A-U,103A-U-51,51,Abhinav College,अभिनव कॉलेज,18.545080,73.778793,13    
Non-BRTS,103A-U,103A-U-52,52,Suskhind Phata,सुसखिंड फाटा,18.547340,73.772743,13    
Non-BRTS,103A-U,103A-U-53,53,Girme Park,गिरमे पार्क,18.550050,73.772237,14    
Non-BRTS,103A-U,103A-U-54,54,Yashoda Niwas,यशोदा निवास,18.563775,73.767630,14    
Non-BRTS,103A-U,103A-U-55,55,Balewadi Stadium,बालेवाडी स्टेडीयम,18.574791,73.763447,15    
Non-BRTS,103A-U,103A-U-56,56,Digambar Marble,दिगंबर मार्बल,18.582898,73.760515,15    
Non-BRTS,103A-U,103A-U-57,57,Wakad Bridge,वाकड ब्रीज,18.591343,73.757192,16    
Non-BRTS,103A-U,103A-U-58,58,Sawtamali Mandir,सावतामाळी मंदिर,18.591750,73.754530,16    
Non-BRTS,103A-U,103A-U-59,59,Hinjawadi Jakat Naka,हिंजवडी जकात नाका,18.595850,73.740270,17    
Non-BRTS,103A-U,103A-U-60,60,Shivaji Chowk Hinjawadi,शिवाजी चौक हिंजवडी,18.590952,73.738890,17    
Non-BRTS,103A-U,103A-U-61,61,Infosys Phase 1,इन्फोसीस फेज 1,18.586282,73.733402,18,,, ,,,,,,,,,,,,,
Non-BRTS,103A-U,103A-U-62,62,Siemens,सिमेन्स,18.591000,73.732934,18,,, ,,,,,,,,,,,,,
Non-BRTS,103A-U,103A-U-63,63,Bank Of Maharashtra Hinjawadi,बँक ऑफ महाराष्ट्र,18.594083,73.729656,18    
Non-BRTS,103A-U,103A-U-64,64,Tata Johnsan,टाटा जॉन्सन,18.594354,73.728016,18    
Non-BRTS,103A-U,103A-U-65,65,Wipro Company Circle,विप्रो कंपनी सर्कल,18.596842,73.718571,19    
Non-BRTS,103A-U,103A-U-66,66,Emcure,एमक्युअर,18.595986,73.713552,19    
Non-BRTS,103A-U,103A-U-67,67,Infosys Phase 2,इन्फोसीस फेज 2,18.593656,73.708357,20    
Non-BRTS,103A-U,103A-U-68,68,Power House Hinjawadi,पॉवर हाऊस हिंजवडी, 18.58916,73.705160,20    
Non-BRTS,103A-U,103A-U-69,69,Tata Motors,टाटा मोटर्स,18.586665,73.699956,21    
Non-BRTS,103A-U,103A-U-70,70,Tech Mahindra,टेक महेंद्रा,18.581215,73.687763,21    
Non-BRTS,103A-U,103A-U-71,71,Hinjawadi Maan Phase 3,हिंजवडी माण फेज ३,18.576539,73.688389,22    
Non-BRTS,103C-D,103C-D-00,0,Hinjawadi Maan Phase 3,हिंजवडी माण फेज ३,18.576553,73.688178,1    
Non-BRTS,103C-D,103C-D-01,1,Mahindra Tech,महिंद्रा टेक,18.581103,73.687598,1,,, ,,,,,,,,,,,,,
Non-BRTS,103C-D,103C-D-02,2,Tata Motors,टाटा मोटर्स,18.586817,73.699878,2    
Non-BRTS,103C-D,103C-D-03,3,Power House Hinjawadi,पॉवर हाऊस हिंजवडी,18.588990,73.705400,2,,, ,,,,,,,,,,,,,
Non-BRTS,103C-D,103C-D-04,4,Infosys Phase 2,इन्फोसीस फेज 2,18.593516,73.707679,3,,, ,,,,,,,,,,,,,
Non-BRTS,103C-D,103C-D-05,5,Emcure,एमक्युअर,18.595940,73.713020,3,,, ,,,,,,,,,,,,,
Non-BRTS,103C-D,103C-D-06,6,Wipro Company Circle,विप्रो कंपनी सर्कल,18.596911,73.718287,4,,, ,,,,,,,,,,,,,
Non-BRTS,103C-D,103C-D-07,7,Tata Johnsan,टाटा जॉन्सन,18.594508,73.728077,4,,     
Non-BRTS,103C-D,103C-D-08,8,Geometric,जिओमॅट्रीक,18.593307,73.732353,4,, , ,,,,,,,,,,,,,
Non-BRTS,103C-D,103C-D-09,9,Siemens,सिमेन्स,18.587633,73.733312,4    
Non-BRTS,103C-D,103C-D-10,10,Infosys Phase 1,इन्फोसीस फेज 1,18.586529,73.733807,5,,, ,,,,,,,,,,,,,
Non-BRTS,103C-D,103C-D-11,11,Shivaji Chowk Hinjawadi,शिवाजी चौक हिंजवडी,18.591606,73.738883,5    
Non-BRTS,103C-D,103C-D-12,12,Hinjawadi Jakat Naka,हिंजवडी जकात नाका,18.595850,73.740310,6    
Non-BRTS,103C-D,103C-D-13,13,Sawtamali Mandir,सावतामाळी मंदिर,18.592078,73.754691,6    
Non-BRTS,103C-D,103C-D-14,14,Wakad Bridge,वाकड ब्रीज,18.592183,73.756818,7    
Non-BRTS,103C-D,103C-D-15,15,Digambar Marble,दिगंबर मार्बल,18.582898,73.760515,7    
Non-BRTS,103C-D,103C-D-16,16,Balewadi Stadium,बालेवाडी स्टेडीयम,18.572740,73.764130,8    
Non-BRTS,103C-D,103C-D-17,17,Radha Hotel,राधा हॉटेल,18.568176,73.766497,8    
Non-BRTS,103C-D,103C-D-18,18,Yashoda Niwas,यशोदा निवास,18.564078,73.767816,8    
Non-BRTS,103C-D,103C-D-19,19,Girme Park,गिरमे पार्क,18.548395,73.773443,9    
Non-BRTS,103C-D,103C-D-20,20,West Wing Society,वेस्ट विंग सोसायटी,18.548220,73.773730,9    
Non-BRTS,103C-D,103C-D-21,21,Suskhind Phata,सुसखिंड फाटा,18.547318,73.772755,9    
Non-BRTS,103C-D,103C-D-22,22,Abhinav College,अभिनव कॉलेज,18.545238,73.778687,10    
Non-BRTS,103C-D,103C-D-23,23,Pandavnagar Pashan,पांडवनगर पाषाण,18.544040,73.782770,10    
Non-BRTS,103C-D,103C-D-24,24,Sai Chowk Pashan Sus Road,साई चौक पाषाण सुस रोड ,18.543580,73.785680,10    
Non-BRTS,103C-D,103C-D-25,25,Vishwakarma,विश्वकर्मा,18.543280,73.786800,10    
Non-BRTS,103C-D,103C-D-26,26,Balaji Mandir,बालाजी मंदिर,18.542670,73.790150,10    
Non-BRTS,103C-D,103C-D-27,27,Dattamandir Pashan Road,दत्तमंदिर पाषाण रोड,18.541580,73.791950,10    
Non-BRTS,103C-D,103C-D-28,28,Kokate Aali,कोकाटे आळी,18.539475,73.793939,11    
Non-BRTS,103C-D,103C-D-29,29,Pashan Naka,पाषाण नाका,18.538037,73.797096,11    
Non-BRTS,103C-D,103C-D-30,30,MES Pumping Station,एमईएस पंपिंग स्टेशन,18.536562,73.795668,11    
Non-BRTS,103C-D,103C-D-31,31,ARDE Colony,एआरडीइ कॉलनी,18.533527,73.793763,12    
Non-BRTS,103C-D,103C-D-32,32,Pashan Tank Rasta,पाषाण टँक रस्ता,18.526654,73.786740,12    
Non-BRTS,103C-D,103C-D-33,33,Bharat Ele Company,भारत इले. कंपनी,18.526118,73.781996,13    
Non-BRTS,103C-D,103C-D-34,34,Bavdhan Phata,बावधान फाटा,18.522516,73.779910,13    
Non-BRTS,103C-D,103C-D-35,35,Bavdhangaon,बावधनगांव,18.515385,73.782143,13    
Non-BRTS,103C-D,103C-D-36,36,Shindenagar Bawdhan,शिंदेनगर बावधन,18.512221,73.782226,13    
Non-BRTS,103C-D,103C-D-37,37,Chandani Chowk,चांदणी चौक,18.507300,73.784900,14    
Non-BRTS,103C-D,103C-D-38,38,Shinde Farm,शिंदे फार्म,18.508467,73.789879,14    
Non-BRTS,103C-D,103C-D-39,39,Kothrud Depot,कोथरुड डेपो,18.508068,73.795788,15    
Non-BRTS,103C-D,103C-D-40,40,Bharatinagar,भारतीनगर,18.507697,73.797043,15    
Non-BRTS,103C-D,103C-D-41,41,Kachara Depot Kothrud,कचरा डेपो कोथरुड ,18.507567,73.799753,15    
Non-BRTS,103C-D,103C-D-42,42,Vanaj Company,वनाज कंपनी,18.507143,73.803920,15    
Non-BRTS,103C-D,103C-D-43,43,Vanaj Corner,वनाज कॉर्नर,18.507322,73.807385,15    
Non-BRTS,103C-D,103C-D-44,44,Pratiknagar,प्रतीकनगर,18.508345,73.809797,15    
Non-BRTS,103C-D,103C-D-45,45,Jai Bhavaninagar,जय भवानीनगर,18.509559,73.812613,16    
Non-BRTS,103C-D,103C-D-46,46,Anandnagar Kothrud,आनंदनगर कोथरुड ,18.509819,73.814820,16    
Non-BRTS,103C-D,103C-D-47,47,Ideal Colony,आयडियल कॉलनी,18.510170,73.817161,16    
Non-BRTS,103C-D,103C-D-48,48,More Vidyalay,मोरे विद्यालय,18.510380,73.820630,16    
Non-BRTS,103C-D,103C-D-49,49,Paud Phata,पौड फाटा,18.505422,73.824295,16    
Non-BRTS,103C-D,103C-D-50,50,SNDT College,एसएनडीटी कॉलेज,18.507228,73.828329,17    
Non-BRTS,103C-D,103C-D-51,51,Nal Stop,नळ स्टॉप,18.508895,73.832018,17    
Non-BRTS,103C-D,103C-D-52,52,Sonal Hall,सोनल हॉल,18.510405,73.834854,17    
Non-BRTS,103C-D,103C-D-53,53,Garware College,गरवारे कॉलेज,18.512112,73.838403,17    
Non-BRTS,103C-D,103C-D-54,54,Deccan Corner,डेक्कन कॉर्नर,18.513955,73.841853,17    
Non-BRTS,103C-D,103C-D-55,55,Sahitya Parishad,साहित्य परिषद,18.510901,73.845717,18    
Non-BRTS,103C-D,103C-D-56,56,Maharashtra Mandal,महाराष्ट्र मंडळ,18.509646,73.847397,18    
Non-BRTS,103C-D,103C-D-57,57,SP College,एसपी कॉलेज,18.507086,73.851410,18    
Non-BRTS,103C-D,103C-D-58,58,Madiwale Colony,माडीवाले कॉलनी,18.506132,73.852753,18    
Non-BRTS,103C-D,103C-D-59,59,Hirabaug,हिराबाग,18.504510,73.854680,18    
Non-BRTS,103C-D,103C-D-60,60,Swargate Corner,स्वारगेट कॉर्नर,18.501739,73.857825,18    
Non-BRTS,103C-D,103C-D-61,61,Swargate,स्वारगेट,18.500441,73.859475,19    
Non-BRTS,103C-U,103C-U-00,0,Swargate,स्वारगेट,18.499353,73.858142,1    
Non-BRTS,103C-U,103C-U-01,1,Nehru Stadium,नेहरू स्‍टेडीयम,18.501110,73.855520,1    
Non-BRTS,103C-U,103C-U-02,2,Sarasbaug,सारसबाग,18.503333,73.853667,1    
Non-BRTS,103C-U,103C-U-03,3,Madiwale Colony,माडीवाले कॉलनी,18.505837,73.852951,1    
Non-BRTS,103C-U,103C-U-04,4,SP College,एसपी कॉलेज,18.507333,73.850890,1    
Non-BRTS,103C-U,103C-U-05,5,Maharashtra Mandal,महाराष्ट्र मंडळ,18.509529,73.847532,1    
Non-BRTS,103C-U,103C-U-06,6,Sahitya Parishad,साहित्य परिषद,18.511114,73.845454,2    
Non-BRTS,103C-U,103C-U-07,7,Deccan Corner,डेक्कन कॉर्नर,18.513532,73.841372,2    
Non-BRTS,103C-U,103C-U-08,8,Garware College,गरवारे कॉलेज,18.512424,73.838716,2    
Non-BRTS,103C-U,103C-U-09,9,Sonal Hall,सोनल हॉल,18.510452,73.834959,2    
Non-BRTS,103C-U,103C-U-10,10,Nal Stop,नळ स्टॉप,18.509020,73.831963,2    
Non-BRTS,103C-U,103C-U-11,11,SNDT College,एसएनडीटी कॉलेज,18.507301,73.828511,3    
Non-BRTS,103C-U,103C-U-12,12,Paud Phata,पौड फाटा,18.506051,73.826171,3    
Non-BRTS,103C-U,103C-U-13,13,More Vidyalay,मोरे विद्यालय,18.510422,73.819579,3    
Non-BRTS,103C-U,103C-U-14,14,Ideal Colony,आयडियल कॉलनी,18.510847,73.817492,3    
Non-BRTS,103C-U,103C-U-15,15,Anandnagar Kothrud,आनंदनगर कोथरुड ,18.509511,73.814236,3    
Non-BRTS,103C-U,103C-U-16,16,Jai Bhavaninagar,जय भवानीनगर,18.509323,73.812005,4    
Non-BRTS,103C-U,103C-U-17,17,Pratiknagar,प्रतीकनगर,18.508096,73.809435,4    
Non-BRTS,103C-U,103C-U-18,18,Vanaj Corner,वनाज कॉर्नर,18.507322,73.807385,4    
Non-BRTS,103C-U,103C-U-19,19,Vanaj Company,वनाज कंपनी,18.506987,73.803987,4    
Non-BRTS,103C-U,103C-U-20,20,Kachara Depot Kothrud,कचरा डेपो कोथरुड ,18.507414,73.799267,4    
Non-BRTS,103C-U,103C-U-21,21,Bharatinagar,भारतीनगर,18.507729,73.796915,4    
Non-BRTS,103C-U,103C-U-22,22,Kothrud Depot,कोथरुड डेपो,18.507672,73.794661,5    
Non-BRTS,103C-U,103C-U-23,23,Shinde Farm,शिंदे फार्म,18.508300,73.790417,5    
Non-BRTS,103C-U,103C-U-24,24,Chandani Chowk,चांदणी चौक,18.507828,73.783257,6    
Non-BRTS,103C-U,103C-U-25,25,Shindenagar Bawdhan,शिंदेनगर बावधन,18.512221,73.782226,6    
Non-BRTS,103C-U,103C-U-26,26,Bavdhangaon,बावधनगांव,18.516943,73.781253,6    
Non-BRTS,103C-U,103C-U-27,27,Bavdhan Phata,बावधान फाटा,18.522597,73.779840,6    
Non-BRTS,103C-U,103C-U-28,28,Bharat Ele Company,भारत इले. कंपनी,18.525975,73.781777,7    
Non-BRTS,103C-U,103C-U-29,29,Pashan Tank Rasta,पाषाण टँक रस्ता,18.526920,73.790348,7    
Non-BRTS,103C-U,103C-U-30,30,ARDE Colony,एआरडीइ कॉलनी,18.533527,73.793763,8    
Non-BRTS,103C-U,103C-U-31,31,MES Pumping Station,एमईएस पंपिंग स्टेशन,18.536562,73.795668,8    
Non-BRTS,103C-U,103C-U-32,32,Pashan Naka,पाषाण नाका,18.537647,73.795850,8    
Non-BRTS,103C-U,103C-U-33,33,Kokate Aali,कोकाटे आळी,18.538980,73.793805,9    
Non-BRTS,103C-U,103C-U-34,34,Dattamandir Pashan Road,दत्तमंदिर पाषाण रोड,18.541540,73.791840,9    
Non-BRTS,103C-U,103C-U-35,35,Balaji Mandir,बालाजी मंदिर,18.542850,73.789820,9    
Non-BRTS,103C-U,103C-U-36,36,Vishwakarma,विश्वकर्मा,18.543350,73.786890,9    
Non-BRTS,103C-U,103C-U-37,37,Sai Chowk Pashan Sus Road,साई चौक पाषाण सुस रोड ,18.543480,73.785180,9    
Non-BRTS,103C-U,103C-U-38,38,Pandavnagar Pashan,पांडवनगर पाषाण,18.543940,73.782730,9    
Non-BRTS,103C-U,103C-U-39,39,Abhinav College,अभिनव कॉलेज,18.545080,73.778793,10,,, ,,,,,,,,,,,,,
Non-BRTS,103C-U,103C-U-40,40,Suskhind Phata,सुसखिंड फाटा,18.547340,73.772743,10    
Non-BRTS,103C-U,103C-U-41,41,Girme Park,गिरमे पार्क,18.550050,73.772237,11    
Non-BRTS,103C-U,103C-U-42,42,Yashoda Niwas,यशोदा निवास,18.563775,73.767630,11    
Non-BRTS,103C-U,103C-U-43,43,Radha Hotel,राधा हॉटेल,18.569858,73.765062,11    
Non-BRTS,103C-U,103C-U-44,44,Balewadi Stadium,बालेवाडी स्टेडीयम,18.572740,73.764130,12    
Non-BRTS,103C-U,103C-U-45,45,Digambar Marble,दिगंबर मार्बल,18.582898,73.760515,12    
Non-BRTS,103C-U,103C-U-46,46,Wakad Bridge,वाकड ब्रीज,18.591343,73.757192,13    
Non-BRTS,103C-U,103C-U-47,47,Sawtamali Mandir,सावतामाळी मंदिर,18.591750,73.754530,13    
Non-BRTS,103C-U,103C-U-48,48,Hinjawadi Jakat Naka,हिंजवडी जकात नाका,18.595850,73.740270,14    
Non-BRTS,103C-U,103C-U-49,49,Shivaji Chowk Hinjawadi,शिवाजी चौक हिंजवडी,18.590952,73.738890,14    
Non-BRTS,103C-U,103C-U-50,50,Infosys Phase 1,इन्फोसीस फेज 1,18.586282,73.733402,15    
Non-BRTS,103C-U,103C-U-51,51,Siemens,सिमेन्स,18.591000,73.732934,15    
Non-BRTS,103C-U,103C-U-52,52,Bank Of Maharashtra Hinjawadi,बँक ऑफ महाराष्ट्र,18.594083,73.729655,15    
Non-BRTS,103C-U,103C-U-53,53,Tata Johnsan,टाटा जॉन्सन,18.594354,73.728016,15    
Non-BRTS,103C-U,103C-U-54,54,Wipro Company Circle,विप्रो कंपनी सर्कल,18.596842,73.718571,16    
Non-BRTS,103C-U,103C-U-55,55,Emcure,एमक्युअर,18.595940,73.713020,16    
Non-BRTS,103C-U,103C-U-56,56,Infosys Phase 2,इन्फोसीस फेज 2,18.593656,73.708357,17    
Non-BRTS,103C-U,103C-U-57,57,Power House Hinjawadi,पॉवर हाऊस हिंजवडी, 18.58916,73.705160,17    
Non-BRTS,103C-U,103C-U-58,58,Tata Motors,टाटा मोटर्स,18.586665,73.699956,18    
Non-BRTS,103C-U,103C-U-59,59,Tech Mahindra,टेक महेंद्रा,18.581215,73.687763,18    
Non-BRTS,103C-U,103C-U-60,60,Hinjawadi Maan Phase 3,हिंजवडी माण फेज ३,18.576539,73.688389,19    
Non-BRTS,103-D,103-D-00,0,Kothrud Depot,कोथरुड डेपो,18.507880,73.794930,1    
Non-BRTS,103-D,103-D-01,1,Bharatinagar,भारतीनगर,18.507874,73.797121,1    
Non-BRTS,103-D,103-D-02,2,Kachara Depot Kothrud,कचरा डेपो कोथरुड ,18.507610,73.799310,1    
Non-BRTS,103-D,103-D-03,3,Vanaj Company,वनाज कंपनी,18.507173,73.804092,1    
Non-BRTS,103-D,103-D-04,4,Vanaj Corner,वनाज कॉर्नर,18.507580,73.807850,1    
Non-BRTS,103-D,103-D-05,5,Pratiknagar,प्रतीकनगर,18.508440,73.810200,1    
Non-BRTS,103-D,103-D-06,6,Jai Bhavaninagar,जय भवानीनगर,18.509560,73.812430,2    
Non-BRTS,103-D,103-D-07,7,Anandnagar Kothrud,आनंदनगर कोथरुड ,18.509819,73.814820,2    
Non-BRTS,103-D,103-D-08,8,Ideal Colony,आयडियल कॉलनी,18.510170,73.817161,2    
Non-BRTS,103-D,103-D-09,9,More Vidyalay,मोरे विद्यालय,18.509974,73.821185,2,,, ,,,,,,,,,,,,,
Non-BRTS,103-D,103-D-10,10,Paud Phata,पौड फाटा,18.505422,73.824295,2,,     
Non-BRTS,103-D,103-D-11,11,SNDT College,एसएनडीटी कॉलेज,18.507228,73.828329,3    
Non-BRTS,103-D,103-D-12,12,Nal Stop,नळ स्टॉप,18.508895,73.832018,3    
Non-BRTS,103-D,103-D-13,13,Sonal Hall,सोनल हॉल,18.510405,73.834854,3    
Non-BRTS,103-D,103-D-14,14,Garware College,गरवारे कॉलेज,18.512112,73.838403,3    
Non-BRTS,103-D,103-D-15,15,Deccan Corner,डेक्कन कॉर्नर,18.513955,73.841853,3    
Non-BRTS,103-D,103-D-16,16,Sahitya Parishad,साहित्य परिषद,18.510920,73.845760,4    
Non-BRTS,103-D,103-D-17,17,Maharashtra Mandal,महाराष्ट्र मंडळ,18.509618,73.847475,4    
Non-BRTS,103-D,103-D-18,18,SP College,एसपी कॉलेज,18.507065,73.851542,4    
Non-BRTS,103-D,103-D-19,19,Madiwale Colony,माडीवाले कॉलनी,18.506216,73.852650,4    
Non-BRTS,103-D,103-D-20,20,Hirabaug,हिराबाग,18.504402,73.854897,4    
Non-BRTS,103-D,103-D-21,21,Swargate Corner,स्वारगेट कॉर्नर,18.501739,73.857825,4    
Non-BRTS,103-D,103-D-22,22,Swargate,स्वारगेट,18.500441,73.859475,5    
Non-BRTS,103-D,103-D-23,23,Lakshminarayan,लक्ष्मीनारायण,18.496895,73.858215,5    
Non-BRTS,103-D,103-D-24,24,ST Colony,एसटी कॉलनी,18.493010,73.857955,5    
Non-BRTS,103-D,103-D-25,25,Bhapkar Petrol Pump,भापकर पेट्रोल पंप,18.489664,73.857645,5    
Non-BRTS,103-D,103-D-26,26,Aranyeshwar Corner,अरण्येश्वर कॉर्नर,18.486381,73.857675,5    
Non-BRTS,103-D,103-D-27,27,Natubaug,नातुबाग,18.481030,73.857167,6    
Non-BRTS,103-D,103-D-28,28,Padmawati,पद्मावती,18.477347,73.857244,6    
Non-BRTS,103-D,103-D-29,29,Shankar Maharaj Math,शंकर महाराज मठ,18.470738,73.857234,6    
Non-BRTS,103-D,103-D-30,30,Balajinagar,बालाजीनगर,18.464405,73.858154,7    
Non-BRTS,103-D,103-D-31,31,Bharati Vidyapeeth Gate,भारती विद्यापीठ गेट,18.457434,73.858200,7    
Non-BRTS,103-D,103-D-32,32,Sarpodyan,सर्पोद्यान,18.454675,73.858530,7    
Non-BRTS,103-D,103-D-33,33,Morebaug,मोरेबाग,18.449848,73.858307,7    
Non-BRTS,103-D,103-D-34,34,Katraj,कात्रज,18.447486,73.859609,8    
Non-BRTS,103-U,103-U-00,0,Katraj,कात्रज,18.446561,73.858869,1    
Non-BRTS,103-U,103-U-01,1,Morebaug,मोरेबाग,18.449829,73.858087,1    
Non-BRTS,103-U,103-U-02,2,Sarpodyan,सर्पोद्यान,18.453916,73.858360,1    
Non-BRTS,103-U,103-U-03,3,Bharati Vidyapeeth Gate,भारती विद्यापीठ गेट,18.457616,73.858154,1    
Non-BRTS,103-U,103-U-04,4,Balajinagar,बालाजीनगर,18.464558,73.857973,2    
Non-BRTS,103-U,103-U-05,5,Shankar Maharaj Math,शंकर महाराज मठ,18.470349,73.857067,2    
Non-BRTS,103-U,103-U-06,6,Padmawati,पद्मावती,18.477360,73.857010,2    
Non-BRTS,103-U,103-U-07,7,Natubaug,नातुबाग,18.481595,73.857094,3    
Non-BRTS,103-U,103-U-08,8,Aranyeshwar Corner,अरण्येश्वर कॉर्नर,18.486482,73.857507,3    
Non-BRTS,103-U,103-U-09,9,Bhapkar Petrol Pump,भापकर पेट्रोल पंप,18.489710,73.857650,3    
Non-BRTS,103-U,103-U-10,10,ST Colony,एसटी कॉलनी,18.493610,73.857798,3    
Non-BRTS,103-U,103-U-11,11,Lakshminarayan,लक्ष्मीनारायण,18.496397,73.857896,3    
Non-BRTS,103-U,103-U-12,12,Swargate,स्वारगेट,18.499353,73.858142,4    
Non-BRTS,103-U,103-U-13,13,Nehru Stadium,नेहरू स्‍टेडीयम,18.501110,73.855520,4    
Non-BRTS,103-U,103-U-14,14,Sarasbaug,सारसबाग,18.503333,73.853667,4    
Non-BRTS,103-U,103-U-15,15,Madiwale Colony,माडीवाले कॉलनी,18.505837,73.852951,4    
Non-BRTS,103-U,103-U-16,16,SP College,एसपी कॉलेज,18.507333,73.850890,4    
Non-BRTS,103-U,103-U-17,17,Maharashtra Mandal,महाराष्ट्र मंडळ,18.509529,73.847532,4    
Non-BRTS,103-U,103-U-18,18,Sahitya Parishad,साहित्य परिषद,18.511114,73.845454,5    
Non-BRTS,103-U,103-U-19,19,Deccan Corner,डेक्कन कॉर्नर,18.513532,73.841372,5    
Non-BRTS,103-U,103-U-20,20,Garware College,गरवारे कॉलेज,18.512424,73.838716,5    
Non-BRTS,103-U,103-U-21,21,Sonal Hall,सोनल हॉल,18.510452,73.834959,5,,, ,,,,,,,,,,,,,
Non-BRTS,103-U,103-U-22,22,Nal Stop,नळ स्टॉप,18.509020,73.831963,5    
Non-BRTS,103-U,103-U-23,23,SNDT College,एसएनडीटी कॉलेज,18.507301,73.828511,6    
Non-BRTS,103-U,103-U-24,24,Paud Phata,पौड फाटा,18.506051,73.826171,6    
Non-BRTS,103-U,103-U-25,25,More Vidyalay,मोरे विद्यालय,18.510403,73.819558,6    
Non-BRTS,103-U,103-U-26,26,Ideal Colony,आयडियल कॉलनी,18.510847,73.817492,6    
Non-BRTS,103-U,103-U-27,27,Anandnagar Kothrud,आनंदनगर कोथरुड ,18.509512,73.814236,6    
Non-BRTS,103-U,103-U-28,28,Jai Bhavaninagar,जय भवानीनगर,18.509332,73.812097,7    
Non-BRTS,103-U,103-U-29,29,Pratiknagar,प्रतीकनगर,18.508269,73.810154,7    
Non-BRTS,103-U,103-U-30,30,Vanaj Corner,वनाज कॉर्नर,18.507287,73.807370,7    
Non-BRTS,103-U,103-U-31,31,Vanaj Company,वनाज कंपनी,18.506913,73.804123,7    
Non-BRTS,103-U,103-U-32,32,Kachara Depot Kothrud,कचरा डेपो कोथरुड ,18.507414,73.799267,7    
Non-BRTS,103-U,103-U-33,33,Bharatinagar,भारतीनगर,18.507729,73.796915,7    
Non-BRTS,103-U,103-U-34,34,Kothrud Depot,कोथरुड डेपो,18.507672,73.794662,8    
Non-BRTS,104-D,104-D-00,0,DSK Vishwa,डिएसके विश्व,18.443247,73.798916,1    
Non-BRTS,104-D,104-D-01,1,Chavanmala,चव्हाणमळा,18.447063,73.803717,1    
Non-BRTS,104-D,104-D-02,2,Dhayarigaon,धायरीगांव,18.447537,73.810280,2    
Non-BRTS,104-D,104-D-03,3,Ganeshnagar Dhayari,गणेशनगर धायरी ,18.450525,73.811049,2    
Non-BRTS,104-D,104-D-04,4,Poultry Farm Dhayari,पोल्ट्री फार्म धायरी,18.448838,73.810588,2    
Non-BRTS,104-D,104-D-05,5,Raykarvasti,रायकरवस्ती,18.453936,73.811613,2    
Non-BRTS,104-D,104-D-06,6,Garmal,गारमाळ,18.455524,73.811755,2    
Non-BRTS,104-D,104-D-07,7,Dhayari Phata,धायरी फाटा,18.459770,73.812652,2,,, ,,,,,,,,,,,,,
Non-BRTS,104-D,104-D-08,8,Patil Colony,पाटील कॉलनी,18.462641,73.814709,3    
Non-BRTS,104-D,104-D-09,9,Vadgaon Bk Phata,वडगाव बु. फाटा,18.466087,73.816719,3    
Non-BRTS,104-D,104-D-10,10,Fun Time,फन टाईम,18.468323,73.819166,3    
Non-BRTS,104-D,104-D-11,11,Indian Hume Pipe,इंडियन हयुम पाईप ,18.469912,73.820217,3    
Non-BRTS,104-D,104-D-12,12,Manikbaug,माणिकबाग,18.473267,73.821571,3    
Non-BRTS,104-D,104-D-13,13,Ganesh Park,गणेश पार्क,18.475343,73.822504,3    
Non-BRTS,104-D,104-D-14,14,Anandnagar Sinhagad Road,आनंदनगर सिंहगड रोड ,18.477597,73.823565,4    
Non-BRTS,104-D,104-D-15,15,Hingne,हिंगणे,18.480362,73.825058,4    
Non-BRTS,104-D,104-D-16,16,Vitthalwadi Sinhagad Road,विठ्ठलवाडी सिंहगड रोड ,18.483434,73.827497,4    
Non-BRTS,104-D,104-D-17,17,Rajaram Pul,राजाराम पुल,18.487449,73.828778,4    
Non-BRTS,104-D,104-D-18,18,Rajaram Pul Corner,राजाराम पुल कॉर्नर,18.489345,73.826722,4    
Non-BRTS,104-D,104-D-19,19,Vitthal Mandir Shreeman Society,विठ्ठल मंदीर श्रीमान सोसायटी ,18.489998,73.825577,4    
Non-BRTS,104-D,104-D-20,20,Shreeman Society,श्रीमान सोसायटी,18.492054,73.820244,5    
Non-BRTS,104-D,104-D-21,21,Shipra Society,शिप्रा सोसायटी,18.492033,73.820300,5    
Non-BRTS,104-D,104-D-22,22,Canal Corner,कॅनॉल कॉर्नर,18.490700,73.817758,5    
Non-BRTS,104-D,104-D-23,23,Provision Stores,प्रोव्हीजन स्टोअर्स,18.489210,73.816662,5    
Non-BRTS,104-D,104-D-24,24,Karvenagar,कर्वेनगर,18.489365,73.814559,6    
Non-BRTS,104-D,104-D-25,25,Vadacha Stop,वडाचा स्टॉप,18.491530,73.815163,6    
Non-BRTS,104-D,104-D-26,26,Gandhi Bhavan Phata,गांधी भवन फाटा,18.495405,73.813293,6    
Non-BRTS,104-D,104-D-27,27,Khothrud Stand,कोथरुड स्‍टॅण्ड,18.499764,73.813661,7    
Non-BRTS,104-D,104-D-28,28,Karve Putala,कर्वे पुतळा,18.502256,73.816177,7    
Non-BRTS,104-D,104-D-29,29,Maruti Mandir Kothrud,मारुती मंदिर कोथरूड,18.503598,73.820338,7    
Non-BRTS,104-D,104-D-30,30,Paud Phata,पौड फाटा,18.505422,73.824295,7,,,, ,,,,,,,,,,,,
Non-BRTS,104-D,104-D-31,31,SNDT College,एसएनडीटी कॉलेज,18.507228,73.828329,8    
Non-BRTS,104-D,104-D-32,32,Nal Stop,नळ स्टॉप,18.508895,73.832018,8    
Non-BRTS,104-D,104-D-33,33,Sonal Hall,सोनल हॉल,18.510405,73.834854,8    
Non-BRTS,104-D,104-D-34,34,Garware College,गरवारे कॉलेज,18.512112,73.838403,8    
Non-BRTS,104-D,104-D-35,35,Deccan Corner,डेक्कन कॉर्नर,18.513955,73.841853,8    
Non-BRTS,104-D,104-D-36,36,Deccan Gymkhana,डेक्कन जिमखाना,18.516741,73.842918,9    
Non-BRTS,104-U,104-U-00,0,Deccan Gymkhana,डेक्कन जिमखाना,18.516495,73.842819,1    
Non-BRTS,104-U,104-U-01,1,Deccan Corner,डेक्कन कॉर्नर,18.513532,73.841372,1    
Non-BRTS,104-U,104-U-02,2,Garware College,गरवारे कॉलेज,18.512424,73.838716,1    
Non-BRTS,104-U,104-U-03,3,Sonal Hall,सोनल हॉल,18.510452,73.834959,1    
Non-BRTS,104-U,104-U-04,4,Nal Stop,नळ स्टॉप,18.509020,73.831963,1    
Non-BRTS,104-U,104-U-05,5,SNDT College,एसएनडीटी कॉलेज,18.507301,73.828511,2    
Non-BRTS,104-U,104-U-06,6,Paud Phata,पौड फाटा,18.506051,73.826171,2,,, ,,,,,,,,,,,,,
Non-BRTS,104-U,104-U-07,7,Maruti Mandir Kothrud,मारुती मंदिर कोथरूड,18.503652,73.820365,2    
Non-BRTS,104-U,104-U-08,8,Karve Putala,कर्वे पुतळा,18.502169,73.816220,2    
Non-BRTS,104-U,104-U-09,9,Khothrud Stand,कोथरुड स्‍टॅण्ड,18.499733,73.813817,3    
Non-BRTS,104-U,104-U-10,10,Gandhi Bhavan Phata,गांधी भवन फाटा,18.494820,73.813190,3    
Non-BRTS,104-U,104-U-11,11,Vadacha Stop,वडाचा स्टॉप,18.491537,73.815302,3    
Non-BRTS,104-U,104-U-12,12,Karvenagar,कर्वेनगर,18.489242,73.814383,4    
Non-BRTS,104-U,104-U-13,13,Provision Stores,प्रोव्हीजन स्टोअर्स,18.489137,73.816603,4    
Non-BRTS,104-U,104-U-14,14,Canal Corner,कॅनॉल कॉर्नर,18.490957,73.817827,4    
Non-BRTS,104-U,104-U-15,15,Shipra Society,शिप्रा सोसायटी,18.491992,73.818067,4    
Non-BRTS,104-U,104-U-16,16,Shreeman Society,श्रीमान सोसायटी,18.492054,73.820244,5    
Non-BRTS,104-U,104-U-17,17,Vitthal Mandir Shreeman Society,विठ्ठल मंदीर श्रीमान सोसायटी ,18.490135,73.824855,5    
Non-BRTS,104-U,104-U-18,18,Rajaram Pul Corner,राजाराम पुल कॉर्नर,18.488192,73.828372,5    
Non-BRTS,104-U,104-U-19,19,Rajaram Pul,राजाराम पुल,18.487473,73.828988,5    
Non-BRTS,104-U,104-U-20,20,Vitthalwadi Sinhagad Road,विठ्ठलवाडी सिंहगड रोड ,18.484667,73.827858,5    
Non-BRTS,104-U,104-U-21,21,Hingne,हिंगणे,18.480293,73.825310,5    
Non-BRTS,104-U,104-U-22,22,Anandnagar Sinhagad Road,आनंदनगर सिंहगड रोड ,18.477557,73.823678,6    
Non-BRTS,104-U,104-U-23,23,Ganesh Park,गणेश पार्क,18.475779,73.822900,6    
Non-BRTS,104-U,104-U-24,24,Manikbaug,माणिकबाग,18.473269,73.821692,6    
Non-BRTS,104-U,104-U-25,25,Indian Hume Pipe,इंडियन हयुम पाईप ,18.469891,73.820297,6    
Non-BRTS,104-U,104-U-26,26,Fun Time,फन टाईम,18.468788,73.819828,6    
Non-BRTS,104-U,104-U-27,27,Vadgaon Bk Phata,वडगाव बु. फाटा,18.467097,73.818225,6    
Non-BRTS,104-U,104-U-28,28,Patil Colony,पाटील कॉलनी,18.462599,73.814797,7    
Non-BRTS,104-U,104-U-29,29,Dhayari Phata,धायरी फाटा,18.460484,73.812782,7    
Non-BRTS,104-U,104-U-30,30,Garmal,गारमाळ,18.454049,73.811678,7    
Non-BRTS,104-U,104-U-31,31,Raykarvasti,रायकरवस्ती,18.454350,73.811604,7    
Non-BRTS,104-U,104-U-32,32,Poultry Farm Dhayari,पोल्ट्री फार्म धायरी,18.448786,73.810670,7    
Non-BRTS,104-U,104-U-33,33,Ganeshnagar Dhayari,गणेशनगर धायरी ,18.450584,73.810979,7    
Non-BRTS,104-U,104-U-34,34,Dhayarigaon,धायरीगांव,18.447537,73.810280,8    
Non-BRTS,104-U,104-U-35,35,Chavanmala,चव्हाणमळा,18.447188,73.804975,8    
Non-BRTS,104-U,104-U-36,36,DSK Vishwa,डिएसके विश्व,18.443084,73.798823,9    
Non-BRTS,105-D,105-D-00,0,Balewadi Depot,बालेवाडी डेपो,18.574893,73.765660,1    
Non-BRTS,105-D,105-D-01,1,Bharat English School,भारत इंग्लीश स्कूल,18.573775,73.775092,1    
Non-BRTS,105-D,105-D-02,2,Balewadigaon,बालेवाडीगांव,18.576242,73.779828,2    
Non-BRTS,105-D,105-D-03,3,Poultry Farm Desai,पोल्ट्री फार्म देसाई,18.573738,73.780830,2    
Non-BRTS,105-D,105-D-04,4,Chakankarmala,चाकणकरमळा,18.566192,73.782574,3    
Non-BRTS,105-D,105-D-05,5,Abhuyuday Bank,अभ्युदय बैंक ,18.564870,73.782930,3    
Non-BRTS,105-D,105-D-06,6,Ambedkar Bridge,आंबेडकर ब्रिज ,18.564690,73.787080,3    
Non-BRTS,105-D,105-D-07,7,Om Ayran Chowk,ओम आयरन चौक ,18.562150,73.790390,3    
Non-BRTS,105-D,105-D-08,8,Tamhane Chowk,ताम्हाणे चौक ,18.561730,73.792300,3    
Non-BRTS,105-D,105-D-09,9,pumpung Station Medi Point,पंपींग स्टेशन मेडीपाँईट ,18.563670,73.796770,3    
Non-BRTS,105-D,105-D-10,10,Medi Point,मेडी पॉर्इंट,18.565025,73.802368,4    
Non-BRTS,105-D,105-D-11,11,DP Road,डीपी रोड,18.562965,73.802795,4    
Non-BRTS,105-D,105-D-12,12,DP Road Corner,डीपी रोड कॉनर्र,18.560497,73.806149,4,,, ,,,,,,,,,,,,,
Non-BRTS,105-D,105-D-13,13,ITI Aundh,आयटीआय औंध ,18.560268,73.809204,5,,, ,,,,,,,,,,,,,
Non-BRTS,105-D,105-D-14,14,Anand Park,आनंद पार्क,18.556460,73.809180,5    
Non-BRTS,105-D,105-D-15,15,Sanewadi,सानेवाडी,18.553392,73.809570,5    
Non-BRTS,105-D,105-D-16,16,Baner Phata,बाणेर फाटा,18.550460,73.809380,5    
Non-BRTS,105-D,105-D-17,17,Sindh Colony Baner Road,सिंध कॉलनी बाणेर रोड,18.548815,73.813019,6, ,     
Non-BRTS,105-D,105-D-18,18,Sakalnagar,सकाळनगर,18.546597,73.819191,6    
Non-BRTS,105-D,105-D-19,19,Chavannagar,चव्हाणनगर,18.544424,73.824066,6    
Non-BRTS,105-D,105-D-20,20,Pune Vidhyapeeth Gate,पुणे विद्यापीठ गेट,18.541450,73.830160,7    
Non-BRTS,105-D,105-D-21,21,E Square,ई स्केअर,18.538113,73.834725,7    
Non-BRTS,105-D,105-D-22,22,Pumping Station,पंपिंग स्टेशन,18.532967,73.841736,7    
Non-BRTS,105-D,105-D-23,23,Mhasoba Gate,म्हसोबा गेट,18.532405,73.842548,8    
Non-BRTS,105-D,105-D-24,24,Simla Office,सिमला ऑफिस,18.530423,73.849268,8    
Non-BRTS,105-D,105-D-25,25,COEP Hostel,सीओईपी हॉस्टेल,18.528593,73.852315,8    
Non-BRTS,105-D,105-D-26,26,Shivaji Maharaj Putla,शिवाजी महाराज पुतळा,18.525956,73.853622,8    
Non-BRTS,105-D,105-D-27,27,Ma Na Pa Congress Bhavan,मनपा,18.522600,73.853120,9    
Non-BRTS,105-D,105-D-28,28,Balgandharv,बालगंधर्व,18.522417,73.847849,9    
Non-BRTS,105-D,105-D-29,29,Natraj Talkies,नटराज टॉकीज ,18.519260,73.845270,9    
Non-BRTS,105-D,105-D-30,30,Deccan Gymkhana,डेक्कन जिमखाना,18.516741,73.842918,10    
Non-BRTS,105-U,105-U-00,0,Deccan Gymkhana,डेक्कन जिमखाना,18.516495,73.842819,1    
Non-BRTS,105-U,105-U-01,1,Goodluck Chowk,गुडलक चौक,18.518055,73.841461,1    
Non-BRTS,105-U,105-U-02,2,Fergusson College,फर्ग्युसन कॉलेज,18.522795,73.840951,1    
Non-BRTS,105-U,105-U-03,3,Dnyaneshwar Paduka,ज्ञानेश्र्वर पादुका ,18.526400,73.841896,1    
Non-BRTS,105-U,105-U-04,4,Police Line,पोलीस लाइन,18.526524,73.843974,1    
Non-BRTS,105-U,105-U-05,5,Modern HighSchool,मॉडर्न हायस्कुल,18.524696,73.849480,1    
Non-BRTS,105-U,105-U-06,6,Sawarkar Bhavan,सावरकर भवन,18.526207,73.852782,1    
Non-BRTS,105-U,105-U-07,7,Ma Na Pa Nadikathi,मनपा,18.522990,73.853970,2    
Non-BRTS,105-U,105-U-08,8,Shivaji Maharaj Putla,शिवाजी महाराज पुतळा,18.526309,73.852866,2    
Non-BRTS,105-U,105-U-09,9,Simla Office,सिमला ऑफिस,18.530306,73.849098,2    
Non-BRTS,105-U,105-U-10,10,Mhasoba Gate,म्हसोबा गेट,18.532350,73.842404,3    
Non-BRTS,105-U,105-U-11,11,Pumping Station,पंपिंग स्टेशन,18.533059,73.841372,3    
Non-BRTS,105-U,105-U-12,12,Mafatlal Bungalow,मफतलाल बंगला,18.537562,73.835093,3    
Non-BRTS,105-U,105-U-13,13,Rangehills Corner,रेंजहिल्स कॉर्नर,18.539017,73.833213,3    
Non-BRTS,105-U,105-U-14,14,Pune Vidhyapeeth Gate Aundh Road,पुणे विद्यापीठ गेट औंध रोड,18.543632,73.827019,4    
Non-BRTS,105-U,105-U-15,15,Chavannagar,चव्हाणनगर,18.544333,73.823929,4    
Non-BRTS,105-U,105-U-16,16,Sakalnagar,सकाळनगर,18.546495,73.819138,4    
Non-BRTS,105-U,105-U-17,17,Sindh Colony Baner Road,सिंध कॉलनी बाणेर रोड,18.548815,73.813019,5    
Non-BRTS,105-U,105-U-18,18,Baner Phata,बाणेर फाटा,18.550415,73.809537,5    
Non-BRTS,105-U,105-U-19,19,Sanewadi,सानेवाडी,18.553385,73.809466,5    
Non-BRTS,105-U,105-U-20,20,Anand Park,आनंद पार्क,18.555900,73.809030,5    
Non-BRTS,105-U,105-U-21,21,ITI Aundh,आयटीआय औंध ,18.560270,73.809131,6    
Non-BRTS,105-U,105-U-22,22,DP Road Corner,डीपी रोड कॉनर्र,18.560278,73.803682,6    
Non-BRTS,105-U,105-U-23,23,DP Road,डीपी रोड,18.562890,73.802749,6    
Non-BRTS,105-U,105-U-24,24,Medi Point,मेडी पॉर्इंट,18.565042,73.802382,7    
Non-BRTS,105-U,105-U-25,25,pumpung Station Medi Point,पंपींग स्टेशन मेडीपाँईट ,18.563700,73.796750,7    
Non-BRTS,105-U,105-U-26,26,Tamhane Chowk,ताम्हाणे चौक ,18.561710,73.792310,7    
Non-BRTS,105-U,105-U-27,27,Om Ayran Chowk,ओम आयरन चौक ,18.562120,73.790380,7    
Non-BRTS,105-U,105-U-28,28,Ambedkar Bridge,आंबेडकर ब्रिज ,18.564640,73.787070,7    
Non-BRTS,105-U,105-U-29,29,Abhuyuday Bank,अभ्युदय बैंक ,18.564860,73.782930,7    
Non-BRTS,105-U,105-U-30,30,Chakankarmala,चाकणकरमळा,18.566445,73.782499,8    
Non-BRTS,105-U,105-U-31,31,Poultry Farm Desai,पोल्ट्री फार्म देसाई,18.573593,73.780788,8    
Non-BRTS,105-U,105-U-32,32,Balewadigaon,बालेवाडीगांव,18.576229,73.779625,9    
Non-BRTS,105-U,105-U-33,33,Bharat English School,भारत इंग्लीश स्कूल,18.573687,73.775102,9    
Non-BRTS,105-U,105-U-34,34,Balewadi Depot,बालेवाडी डेपो,18.574893,73.765660,10    
Non-BRTS,106,106 -R-00,0,Galinde Path,गालिंदे पथ,18.484728,73.810454,1    
Non-BRTS,106,106 -R-01,1,Karvenagar,कर्वेनगर,18.489242,73.814383,2    
Non-BRTS,106,106 -R-02,2,Provision Stores,प्रोव्हीजन स्टोअर्स,18.489210,73.816662,2    
Non-BRTS,106,106 -R-03,3,Shipra Society,शिप्रा सोसायटी,18.491992,73.818067,2    
Non-BRTS,106,106 -R-04,4,Shreeman Society,श्रीमान सोसायटी,18.492054,73.820244,3    
Non-BRTS,106,106 -R-05,5,Vitthal Mandir Shreeman Society,विठ्ठल मंदीर श्रीमान सोसायटी ,18.490135,73.824855,3    
Non-BRTS,106,106 -R-06,6,Durvankur Bungalow,दूर्वांकूर बंगला,18.490010,73.825660,3    
Non-BRTS,106,106 -R-07,7,Madhusanchay Society,मधुसंचय सोसायटी,18.490150,73.826750,3,,, ,,,,,,,,,,,,,
Non-BRTS,106,106 -R-08,8,United Western Sabhagrugha,युनायटेड वेस्टन सभागृह,18.493204,73.827805,3    
Non-BRTS,106,106 -R-09,9,Navsahayadri,नवसह्याद्री,18.495783,73.828117,4    
Non-BRTS,106,106 -R-10,10,Alankar Police Chowky,अलंकार पोलीस चौकी,18.498004,73.827003,4    
Non-BRTS,106,106 -R-11,11,Ganeshnagar Navsahyadri,गणेशनगर नवसह्याद्री,18.498090,73.826553,4    
Non-BRTS,106,106 -R-12,12,Karnatak Highschool,कर्नाटक हायस्कूल,18.501747,73.827080,4    
Non-BRTS,106,106 -R-13,13,Date Engineering,दाते इंजिनिअरिंग,18.502930,73.829220,4    
Non-BRTS,106,106 -R-14,14,Mehandale Garage,मेंहदळे गॅरेज,18.503017,73.829473,4    
Non-BRTS,106,106 -R-15,15,Mahadev Mandir Mehendale Garage,महादेव मंदीर मेंहदळे गॅरेज,18.506640,73.832400,5    
Non-BRTS,106,106 -R-16,16,Nal Stop,नळ स्टॉप,18.509020,73.831963,5    
Non-BRTS,106,106 -R-17,17,Sonal Hall,सोनल हॉल,18.510452,73.834959,5    
Non-BRTS,106,106 -R-18,18,Garware College,गरवारे कॉलेज,18.512424,73.838716,5    
Non-BRTS,106,106 -R-19,19,Deccan Corner,डेक्कन कॉर्नर,18.513532,73.841372,5,,, ,,,,,,,,,,,,,
Non-BRTS,106,106 -R-20,20,Goodluck Chowk,गुडलक चौक,18.517828,73.841515,6    
Non-BRTS,106,106 -R-21,21,Fergusson College,फर्ग्युसन कॉलेज,18.522930,73.840905,6    
Non-BRTS,106,106 -R-22,22,Dnyaneshwar Paduka,ज्ञानेश्र्वर पादुका ,18.526400,73.841896,6    
Non-BRTS,106,106 -R-23,23,Police Ground,पोलीस ग्राउंड,18.530705,73.844133,6    
Non-BRTS,106,106 -R-24,24,Na Ta Wadi,न ता वाडी,18.534710,73.848850,7    
Non-BRTS,106,106 -R-25,25,Shivajinagar,शिवाजीनगर,18.530707,73.849806,7    
Non-BRTS,106,106 -R-26,26,COEP Hostel,सीओईपी हॉस्टेल,18.528593,73.852315,7    
Non-BRTS,106,106 -R-27,27,Shivaji Maharaj Putla,शिवाजी महाराज पुतळा,18.525956,73.853622,7    
Non-BRTS,106,106 -R-28,28,Ma Na Pa Congress Bhavan,मनपा,18.522600,73.853120,8    
Non-BRTS,106,106 -R-29,29,Balgandharv,बालगंधर्व,18.522388,73.847762,8    
Non-BRTS,106,106 -R-30,30,Natraj Talkies,नटराज टॉकीज ,18.519260,73.845270,8    
Non-BRTS,106,106 -R-31,31,Deccan Gymkhana,डेक्कन जिमखाना,18.516495,73.842819,9    
Non-BRTS,106,106 -R-32,32,Deccan Corner,डेक्कन कॉर्नर,18.513955,73.841853,9    
Non-BRTS,106,106 -R-33,33,Garware College,गरवारे कॉलेज,18.512112,73.838403,9    
Non-BRTS,106,106 -R-34,34,Sonal Hall,सोनल हॉल,18.510405,73.834854,9,,, ,,,,,,,,,,,,,
Non-BRTS,106,106 -R-35,35,Nal Stop,नळ स्टॉप,18.508895,73.832018,9    
Non-BRTS,106,106 -R-36,36,Mahadev Mandir Mehendale Garage,महादेव मंदीर मेंहदळे गॅरेज,18.506954,73.832236,10    
Non-BRTS,106,106 -R-37,37,Mehandale Garage,मेंहदळे गॅरेज,18.504596,73.831354,10    
Non-BRTS,106,106 -R-38,38,Date Engineering,दाते इंजिनिअरिंग,18.503017,73.829473,10    
Non-BRTS,106,106 -R-39,39,Karnatak Highschool,कर्नाटक हायस्कूल,18.501659,73.827084,10    
Non-BRTS,106,106 -R-40,40,Ganeshnagar Navsahyadri,गणेशनगर नवसह्याद्री,18.498297,73.826094,10    
Non-BRTS,106,106 -R-41,41,Alankar Police Chowky,अलंकार पोलीस चौकी,18.497973,73.827010,10    
Non-BRTS,106,106 -R-42,42,Navsahayadri,नवसह्याद्री,18.495492,73.828302,11    
Non-BRTS,106,106 -R-43,43,United Western Sabhagrugha,युनायटेड वेस्टन सभागृह,18.492448,73.827575,11    
Non-BRTS,106,106 -R-44,44,Madhusanchay Society,मधुसंचय सोसायटी,18.489938,73.826020,11    
Non-BRTS,106,106 -R-45,45,Vitthal Mandir Shreeman Society,विठ्ठल मंदीर श्रीमान सोसायटी ,18.490849,73.822892,11    
Non-BRTS,106,106 -R-46,46,Shreeman Society,श्रीमान सोसायटी,18.491996,73.820448,12    
Non-BRTS,106,106 -R-47,47,Shipra Society,शिप्रा सोसायटी,18.491992,73.818067,12    
Non-BRTS,106,106 -R-48,48,Provision Stores,प्रोव्हीजन स्टोअर्स,18.489137,73.816603,12    
Non-BRTS,106,106 -R-49,49,Karvenagar,कर्वेनगर,18.489365,73.814559,13    
Non-BRTS,106,106 -R-50,50,Galinde Path,गालिंदे पथ,18.484448,73.810453,14    
Non-BRTS,107-D,107-D-00,0,Pimplegurav,पिंपळेगुरव,18.592905,73.818933,1    
Non-BRTS,107-D,107-D-01,1,Suvarnpark,सुवर्णपार्क,18.591087,73.819595,1    
Non-BRTS,107-D,107-D-02,2,Pooja Hospital,पूजा हॉस्पिटल,18.590012,73.819548,1    
Non-BRTS,107-D,107-D-03,3,Ramkrushna Mangal Karyalay,रामकृष्ण मंगल कार्यालय,18.585616,73.821923,2    
Non-BRTS,107-D,107-D-04,4,Raviraj Hotel,रविराज हॉटेल,18.583324,73.824283,2    
Non-BRTS,107-D,107-D-05,5,Shitaladevi Chowk Pimplegurav,शीतळादेवी चौक पिंपळेगुरव ,18.581981,73.829975,2    
Non-BRTS,107-D,107-D-06,6,Dapodi Mantri Niketan,दापोडी मंत्री निकेतन,18.579073,73.829701,2    
Non-BRTS,107-D,107-D-07,7,Shivaji Maharaj Putla Dapodi,शिवाजी महाराज पुतळा दापोडी,18.576109,73.830727,2    
Non-BRTS,107-D,107-D-08,8,Buddha Vihar Dapodi,बुध्द विहार दापोडी,18.574513,73.832550,3    
Non-BRTS,107-D,107-D-09,9,Chhajed Petrol Pump,छाजेड पेट्रोल पंप,18.572944,73.834535,3    
Non-BRTS,107-D,107-D-10,10,Bhau Patil Chowk,भाऊ पाटील चौक,18.566055,73.831413,3    
Non-BRTS,107-D,107-D-11,11,Dr Sayyad Dawakhana,डॉक्टर सय्यद दवाखाना,18.564752,73.831041,3    
Non-BRTS,107-D,107-D-12,12,40 Aundh Road,४० औंध रोड,18.562496,73.832750,3    
Non-BRTS,107-D,107-D-13,13,LIC Colony,एलआयसी कॉलनी,18.562400,73.833622,3    
Non-BRTS,107-D,107-D-14,14,Khadki Station,खडकी स्टेशन,18.561820,73.840730,4    
Non-BRTS,107-D,107-D-15,15,Balbhavan,बालभवन,18.556459,73.840064,4    
Non-BRTS,107-D,107-D-16,16,Military Hospital Rangehills, मिलिटरी हॉस्पिटल रेंजहिल्स ,18.556434,73.841462,4    
Non-BRTS,107-D,107-D-17,17,Mutton Market rangehills,मटण मार्केट रेंजहिल्स ,18.555020,73.843240,4    
Non-BRTS,107-D,107-D-18,18,Rangehills Post Office,रेंजहिल्स पोस्‍ट ऑफिस,18.552537,73.843351,4    
Non-BRTS,107-D,107-D-19,19,Rangehills H type,रेंजहिल्स एच टाईप,18.549156,73.843379,5    
Non-BRTS,107-D,107-D-20,20,Rangehills Circle 2,रेंजहिल्स सर्कल 2,18.545183,73.843434,5    
Non-BRTS,107-D,107-D-21,21,Rangehills Circle 1,रेंजहिल्स सर्कल 1,18.544968,73.839487,5    
Non-BRTS,107-D,107-D-22,22,Ashoknagar Rangehills,अशोकनगर रेंजहिल्स,18.541868,73.837479,5    
Non-BRTS,107-D,107-D-23,23,Yashwantnagar Rangehills,यशवंतनगर रेंजहिल्स,18.541029,73.836603,6    
Non-BRTS,107-D,107-D-24,24,Rangehills Corner,रेंजहिल्स कॉर्नर,18.539374,73.834816,6    
Non-BRTS,107-D,107-D-25,25,E Square,ई स्केअर,18.538121,73.834765,6    
Non-BRTS,107-D,107-D-26,26,Pumping Station,पंपिंग स्टेशन,18.532967,73.841736,6    
Non-BRTS,107-D,107-D-27,27,Mhasoba Gate,म्हसोबा गेट,18.532405,73.842548,7    
Non-BRTS,107-D,107-D-28,28,Simla Office,सिमला ऑफिस,18.530423,73.849268,7    
Non-BRTS,107-D,107-D-29,29,COEP Hostel,सीओईपी हॉस्टेल,18.528593,73.852315,7    
Non-BRTS,107-D,107-D-30,30,Shivaji Maharaj Putla,शिवाजी महाराज पुतळा,18.525956,73.853622,7    
Non-BRTS,107-D,107-D-31,31,Ma Na Pa Congress Bhavan,मनपा,18.522600,73.853120,8    
Non-BRTS,107-D,107-D-32,32,Balgandharv,बालगंधर्व,18.522329,73.847788,8    
Non-BRTS,107-D,107-D-33,33,Natraj Talkies,नटराज टॉकीज ,18.519260,73.845270,8    
Non-BRTS,107-D,107-D-34,34,Deccan Gymkhana,डेक्कन जिमखाना,18.516741,73.842918,9    
Non-BRTS,107-U,107-U-00,0,Deccan Gymkhana,डेक्कन जिमखाना,18.516495,73.842819,1    
Non-BRTS,107-U,107-U-01,1,Goodluck Chowk,गुडलक चौक,18.518125,73.841464,1    
Non-BRTS,107-U,107-U-02,2,Fergusson College,फर्ग्युसन कॉलेज,18.522930,73.840905,1    
Non-BRTS,107-U,107-U-03,3,Dnyaneshwar Paduka,ज्ञानेश्र्वर पादुका ,18.526400,73.841896,1    
Non-BRTS,107-U,107-U-04,4,Police Line,पोलीस लाइन,18.526524,73.843974,1    
Non-BRTS,107-U,107-U-05,5,Modern HighSchool,मॉडर्न हायस्कुल,18.524696,73.849480,1    
Non-BRTS,107-U,107-U-06,6,Sawarkar Bhavan,सावरकर भवन,18.526207,73.852782,1    
Non-BRTS,107-U,107-U-07,7,Ma Na Pa Nadikathi,मनपा,18.522990,73.853970,2    
Non-BRTS,107-U,107-U-08,8,Shivaji Maharaj Putla,शिवाजी महाराज पुतळा,18.526309,73.852866,2    
Non-BRTS,107-U,107-U-09,9,Simla Office,सिमला ऑफिस,18.530306,73.849098,2    
Non-BRTS,107-U,107-U-10,10,Mhasoba Gate,म्हसोबा गेट,18.532350,73.842404,3    
Non-BRTS,107-U,107-U-11,11,Pumping Station,पंपिंग स्टेशन,18.533059,73.841372,3    
Non-BRTS,107-U,107-U-12,12,Mafatlal Bungalow,मफतलाल बंगला,18.537094,73.835662,3    
Non-BRTS,107-U,107-U-13,13,Rangehills Corner,रेंजहिल्स कॉर्नर,18.539017,73.833213,3    
Non-BRTS,107-U,107-U-14,14,Yashwantnagar Rangehills,यशवंतनगर रेंजहिल्स,18.541128,73.836619,4    
Non-BRTS,107-U,107-U-15,15,Ashoknagar Rangehills,अशोकनगर रेंजहिल्स,18.541863,73.837425,4    
Non-BRTS,107-U,107-U-16,16,Rangehills Circle 1,रेंजहिल्स सर्कल 1,18.544998,73.839645,4    
Non-BRTS,107-U,107-U-17,17,Rangehills Circle 2,रेंजहिल्स सर्कल 2,18.545120,73.843316,4    
Non-BRTS,107-U,107-U-18,18,Rangehills H type,रेंजहिल्स एच टाईप,18.549184,73.843207,5    
Non-BRTS,107-U,107-U-19,19,Rangehills Post Office,रेंजहिल्स पोस्‍ट ऑफिस,18.552405,73.843273,5    
Non-BRTS,107-U,107-U-20,20,Mutton Market rangehills,मटण मार्केट रेंजहिल्स ,18.553170,73.843277,5    
Non-BRTS,107-U,107-U-21,21,Military Hospital Rangehills, मिलिटरी हॉस्पिटल रेंजहिल्स ,18.556363,73.841710,5    
Non-BRTS,107-U,107-U-22,22,Balbhavan,बालभवन,18.556390,73.840558,5    
Non-BRTS,107-U,107-U-23,23,Khadki Station,खडकी स्टेशन,18.561740,73.840510,6    
Non-BRTS,107-U,107-U-24,24,LIC Colony,एलआयसी कॉलनी,18.562279,73.833373,6    
Non-BRTS,107-U,107-U-25,25,40 Aundh Road,४० औंध रोड,18.562338,73.832680,6    
Non-BRTS,107-U,107-U-26,26,Dr Sayyad Dawakhana,डॉक्टर सय्यद दवाखाना,18.564758,73.831043,6    
Non-BRTS,107-U,107-U-27,27,Bhau Patil Chowk,भाऊ पाटील चौक,18.566216,73.831279,6    
Non-BRTS,107-U,107-U-28,28,Chhajed Petrol Pump,छाजेड पेट्रोल पंप,18.573015,73.834681,6    
Non-BRTS,107-U,107-U-29,29,Buddha Vihar Dapodi,बुध्द विहार दापोडी,18.574446,73.832494,7    
Non-BRTS,107-U,107-U-30,30,Shivaji Maharaj Putla Dapodi,शिवाजी महाराज पुतळा दापोडी,18.576005,73.830724,7    
Non-BRTS,107-U,107-U-31,31,Dapodi Mantri Niketan,दापोडी मंत्री निकेतन,18.579100,73.829600,7    
Non-BRTS,107-U,107-U-32,32,Shitaladevi Chowk Pimplegurav,शीतळादेवी चौक पिंपळेगुरव ,18.580845,73.830000,7    
Non-BRTS,107-U,107-U-33,33,Raviraj Hotel,रविराज हॉटेल,18.583227,73.824226,7    
Non-BRTS,107-U,107-U-34,34,Ramkrushna Mangal Karyalay,रामकृष्ण मंगल कार्यालय,18.585596,73.821861,8    
Non-BRTS,107-U,107-U-35,35,Pooja Hospital,पूजा हॉस्पिटल,18.589883,73.819527,8    
Non-BRTS,107-U,107-U-36,36,Suvarnpark,सुवर्णपार्क,18.591351,73.819571,8    
Non-BRTS,107-U,107-U-37,37,Pimplegurav,पिंपळेगुरव,18.593117,73.818872,9    
Non-BRTS,108-D,108-D-00,0,Pune Station,पुणे स्टेशन,18.528173,73.874472,1    
Non-BRTS,108-D,108-D-01,1,Incometax Office,इनकमटॅक्स ऑफिस,18.525427,73.876599,1    
Non-BRTS,108-D,108-D-02,2,GPO,जीपीओ,18.523011,73.876202,1    
Non-BRTS,108-D,108-D-03,3,Collector Kacheri,कलेक्टर कचेरी,18.524353,73.871855,1    
Non-BRTS,108-D,108-D-04,4,Jilha Parishad,जिल्हा परिषद,18.523822,73.869958,1    
Non-BRTS,108-D,108-D-05,5,15 August Chowk,१५ ऑगस्ट चौक,18.522579,73.867340,1    
Non-BRTS,108-D,108-D-06,6,Apollo Talkies,अपोलो टॉकीज,18.519462,73.864542,2    
Non-BRTS,108-D,108-D-07,7,Phadke Haud,फडके हौद,18.518896,73.860230,2,,,,,,,,,, ,,,,,,
Non-BRTS,108-D,108-D-08,8,Jijamatabaug,जिजामाताबाग,18.518543,73.856684,2    
Non-BRTS,108-D,108-D-09,9,Vasant Talkies,वसंत टॉकीज,18.517483,73.856247,2    
Non-BRTS,108-D,108-D-10,10,Appa Balawant Chowk,अप्पा बळवंत चौक,18.515526,73.853776,3    
Non-BRTS,108-D,108-D-11,11,Kesariwada,केसरीवाडा,18.516199,73.848927,3    
Non-BRTS,108-D,108-D-12,12,Mati Ganpati,माती गणपती,18.516136,73.847992,3    
Non-BRTS,108-D,108-D-13,13,Kulkarni Petrol Pump,कुलकर्णी पेट्रोल पंप,18.513005,73.844422,3    
Non-BRTS,108-D,108-D-14,14,Deccan Corner,डेक्कन कॉर्नर,18.513955,73.841853,4    
Non-BRTS,108-D,108-D-15,15,Garware College,गरवारे कॉलेज,18.512112,73.838403,4    
Non-BRTS,108-D,108-D-16,16,Sonal Hall,सोनल हॉल,18.510405,73.834854,4,,, ,,,,,,,,,,,,,
Non-BRTS,108-D,108-D-17,17,Nal Stop,नळ स्टॉप,18.508895,73.832018,4    
Non-BRTS,108-D,108-D-18,18,SNDT College,एसएनडीटी कॉलेज,18.507228,73.828329,5    
Non-BRTS,108-D,108-D-19,19,Paud Phata,पौड फाटा,18.505422,73.824295,5    
Non-BRTS,108-D,108-D-20,20,More Vidyalay,मोरे विद्यालय,18.510303,73.820454,5    
Non-BRTS,108-D,108-D-21,21,Ideal Colony,आयडियल कॉलनी,18.510170,73.817161,5    
Non-BRTS,108-D,108-D-22,22,Anandnagar Kothrud,आनंदनगर कोथरुड ,18.509612,73.814429,5    
Non-BRTS,108-D,108-D-23,23,Jai Bhavaninagar,जय भवानीनगर,18.509345,73.812064,6    
Non-BRTS,108-D,108-D-24,24,Shivtirthnagar Corner,शिवतिर्थनगर कॉर्नर,18.512380,73.805848,6    
Non-BRTS,108-D,108-D-25,25,Shivtirthnagar,शिवतिर्थनगर,18.512378,73.806432,6    
Non-BRTS,108-D,108-D-26,26,Sutardara,सुतारदरा,18.515499,73.807862,7    
Non-BRTS,108-U,108-U-00,0,Sutardara,सुतारदरा,18.515505,73.807793,1    
Non-BRTS,108-U,108-U-01,1,Shivtirthnagar,शिवतिर्थनगर,18.512378,73.806432,1    
Non-BRTS,108-U,108-U-02,2,Shivtirthnagar Corner,शिवतिर्थनगर कॉर्नर,18.508600,73.809117,1    
Non-BRTS,108-U,108-U-03,3,Jai Bhavaninagar,जय भवानीनगर,18.509293,73.811466,2    
Non-BRTS,108-U,108-U-04,4,Anandnagar Kothrud,आनंदनगर कोथरुड ,18.509693,73.814499,2    
Non-BRTS,108-U,108-U-05,5,Ideal Colony,आयडियल कॉलनी,18.510847,73.817492,2    
Non-BRTS,108-U,108-U-06,6,More Vidyalay,मोरे विद्यालय,18.510371,73.820623,2    
Non-BRTS,108-U,108-U-07,7,Paud Phata,पौड फाटा,18.506051,73.826171,2    
Non-BRTS,108-U,108-U-08,8,SNDT College,एसएनडीटी कॉलेज,18.507301,73.828511,3    
Non-BRTS,108-U,108-U-09,9,Nal Stop,नळ स्टॉप,18.509020,73.831963,3    
Non-BRTS,108-U,108-U-10,10,Sonal Hall,सोनल हॉल,18.510452,73.834959,3    
Non-BRTS,108-U,108-U-11,11,Garware College,गरवारे कॉलेज,18.512424,73.838716,3    
Non-BRTS,108-U,108-U-12,12,Deccan Corner,डेक्कन कॉर्नर,18.513532,73.841372,4    
Non-BRTS,108-U,108-U-13,13,Alka Talkies,अलका टॉकिज,18.513171,73.844721,4    
Non-BRTS,108-U,108-U-14,14,Mati Ganpati,माती गणपती,18.515880,73.847115,4    
Non-BRTS,108-U,108-U-15,15,Kesariwada,केसरीवाडा,18.516228,73.848862,4    
Non-BRTS,108-U,108-U-16,16,Appa Balawant Chowk,अप्पा बळवंत चौक,18.515520,73.853753,5    
Non-BRTS,108-U,108-U-17,17,Dakshinmukhi Maruti,दक्षिणमुखी मारुती,18.518182,73.853902,5    
Non-BRTS,108-U,108-U-18,18,Shaniwarwada,शनिवारवाडा,18.519554,73.854472,5    
Non-BRTS,108-U,108-U-19,19,Jijamatabaug,जिजामाताबाग,18.518780,73.858333,5    
Non-BRTS,108-U,108-U-20,20,Phadke Haud,फडके हौद,18.518896,73.860230,5    
Non-BRTS,108-U,108-U-21,21,Apollo Talkies,अपोलो टॉकीज,18.520267,73.864485,6    
Non-BRTS,108-U,108-U-22,22,15 August Chowk,१५ ऑगस्ट चौक,18.522434,73.866621,6    
Non-BRTS,108-U,108-U-23,23,Sasoon Hospital,ससून हॉस्पिटल ,18.525642,73.872047,6    
Non-BRTS,108-U,108-U-24,24,Pune Station,पुणे स्टेशन,18.528343,73.874137,7    
Non-BRTS,109-R,109-R-00,0,Ma Na Pa Nadikathi,मनपा,18.522990,73.853970,1    
Non-BRTS,109-R,109-R-01,1,Shivaji Maharaj Putla,शिवाजी महाराज पुतळा,18.526309,73.852866,1    
Non-BRTS,109-R,109-R-02,2,Simla Office,सिमला ऑफिस,18.528759,73.850006,1,,,,, ,,,,,,,,,,,
Non-BRTS,109-R,109-R-03,3,Mhasoba Gate,म्हसोबा गेट,18.532350,73.842404,2    
Non-BRTS,109-R,109-R-04,4,Pumping Station,पंपिंग स्टेशन,18.534228,73.839676,2    
Non-BRTS,109-R,109-R-05,5,Mafatlal Bungalow,मफतलाल बंगला,18.537081,73.835708,2    
Non-BRTS,109-R,109-R-06,6,Rangehills Corner,रेंजहिल्स कॉर्नर,18.538764,73.833587,2    
Non-BRTS,109-R,109-R-07,7,Pune Vidhyapeeth Gate Pashan Road,पुणे विद्यापीठ गेट पाषाण रोड,18.541942,73.828235,3    
Non-BRTS,109-R,109-R-08,8,Wireless Office,वायरलेस ऑफिस,18.541715,73.825991,3    
Non-BRTS,109-R,109-R-09,9,Loyala Highschool,लॉयला हायस्कूल,18.541497,73.823645,3    
Non-BRTS,109-R,109-R-10,10,NCL Colony,एनसीएल कॉलनी,18.539954,73.816919,3    
Non-BRTS,109-R,109-R-11,11,NCL Gate,एनसीएल गेट,18.539747,73.814836,4    
Non-BRTS,109-R,109-R-12,12,Panchwati,पंचवटी,18.539093,73.809642,4    
Non-BRTS,109-R,109-R-13,13,Marodo Company,मॅरोडो कंपनी,18.538616,73.807673,4    
Non-BRTS,109-R,109-R-14,14,IMD Colony,आयएमडी कॉलनी,18.537787,73.804967,4    
Non-BRTS,109-R,109-R-15,15,ARDL Gate,एआरडीएल गेट,18.537913,73.802150,4    
Non-BRTS,109-R,109-R-16,16,Pashan Naka,पाषाण नाका,18.537945,73.797420,4    
Non-BRTS,109-R,109-R-17,17,ARDE Colony,एआरडीइ कॉलनी,18.537120,73.796008,5    
Non-BRTS,109-R,109-R-18,18,MSB Pumping Station,एमएसबी पंपिंग स्टेशन,18.535806,73.795262,5    
Non-BRTS,109-R,109-R-19,19,Pashan Tank Rasta,पाषाण टँक रस्ता,18.528658,73.791432,5    
Non-BRTS,109-R,109-R-20,20,Bharat Ele Company,भारत इले. कंपनी,18.526950,73.782905,6    
Non-BRTS,109-R,109-R-21,21,Bavdhan Phata,बावधान फाटा,18.519153,73.778927,6    
Non-BRTS,109-R,109-R-22,22,Bavdhangaon,बावधनगांव,18.517626,73.780562,6    
Non-BRTS,109-R,109-R-23,23,Shindenagar Bawdhan,शिंदेनगर बावधन,18.512186,73.782250,6    
Non-BRTS,109-R,109-R-24,24,Chandani Chowk,चांदणी चौक,18.507748,73.783508,7    
Non-BRTS,109-R,109-R-25,25,Shinde Farm,शिंदे फार्म,18.508539,73.790358,7    
Non-BRTS,109-R,109-R-26,26,Kothrud Depot,कोथरुड डेपो,18.507995,73.795688,8    
Non-BRTS,109-R,109-R-27,27,Bharatinagar,भारतीनगर,18.507885,73.797115,8    
Non-BRTS,109-R,109-R-28,28,Kachara Depot Kothrud,कचरा डेपो कोथरुड ,18.507627,73.799321,8    
Non-BRTS,109-R,109-R-29,29,Vanaj Company,वनाज कंपनी,18.507305,73.805550,8    
Non-BRTS,109-R,109-R-30,30,Vanaj Corner,वनाज कॉर्नर,18.507492,73.807654,8    
Non-BRTS,109-R,109-R-31,31,Pratiknagar,प्रतीकनगर,18.508415,73.810184,8    
Non-BRTS,109-R,109-R-32,32,Jai Bhavaninagar,जय भवानीनगर,18.509518,73.812310,9    
Non-BRTS,109-R,109-R-33,33,Anandnagar Kothrud,आनंदनगर कोथरुड ,18.509868,73.814795,9    
Non-BRTS,109-R,109-R-34,34,Ideal Colony,आयडियल कॉलनी,18.510170,73.817161,9    
Non-BRTS,109-R,109-R-35,35,More Vidyalay,मोरे विद्यालय,18.510325,73.820661,9    
Non-BRTS,109-R,109-R-36,36,Paud Phata,पौड फाटा,18.506835,73.823953,9    
Non-BRTS,109-R,109-R-37,37,SNDT College,एसएनडीटी कॉलेज,18.507300,73.828450,10    
Non-BRTS,109-R,109-R-38,38,Nal Stop,नळ स्टॉप,18.509067,73.831945,10,,     
Non-BRTS,109-R,109-R-39,39,Sonal Hall,सोनल हॉल,18.510527,73.834833,10    
Non-BRTS,109-R,109-R-40,40,Garware College,गरवारे कॉलेज,18.512165,73.838217,10    
Non-BRTS,109-R,109-R-41,41,Deccan Corner,डेक्कन कॉर्नर,18.514301,73.841958,10    
Non-BRTS,109-R,109-R-42,42,Goodluck Chowk,गुडलक चौक,18.518150,73.841483,11    
Non-BRTS,109-R,109-R-43,43,Fergusson College,फर्ग्युसन कॉलेज,18.523083,73.840933,11    
Non-BRTS,109-R,109-R-44,44,Dnyaneshwar Paduka,ज्ञानेश्र्वर पादुका ,18.526400,73.841896,11    
Non-BRTS,109-R,109-R-45,45,Police Line,पोलीस लाइन,18.526524,73.843974,11    
Non-BRTS,109-R,109-R-46,46,Modern HighSchool,मॉडर्न हायस्कुल,18.524696,73.849480,11    
Non-BRTS,109-R,109-R-47,47,Sawarkar Bhavan,सावरकर भवन,18.522295,73.849963,11    
Non-BRTS,109-R,109-R-48,48,Ma Na Pa Nadikathi,मनपा,18.522990,73.853970,12    
Non-BRTS,10-D,10-D-00,0,Keshavnagar,केशवनगर,18.534838,73.944175,1    
Non-BRTS,10-D,10-D-01,1,Keshavnagar Pul,केशवनगर पूल,18.533508,73.940842,1    
Non-BRTS,10-D,10-D-02,2,Shindevasti Mundhwa,शिंदेवस्ती मुंढवा ,18.531070,73.940340,1    
Non-BRTS,10-D,10-D-03,3,Mundhwagaon,मुंढवागांव,18.532838,73.933693,2    
Non-BRTS,10-D,10-D-04,4,Mundhwa Shala,मुंढवा शाळा,18.534190,73.928664,2    
Non-BRTS,10-D,10-D-05,5,Kacharevasti,कचरेवस्ती,18.533485,73.920662,2    
Non-BRTS,10-D,10-D-06,6,Tadi Gutta,ताडी गुत्ता,18.532457,73.917588,2    
Non-BRTS,10-D,10-D-07,7,Dhole Patil Farm,ढोले पाटील फार्म,18.533632,73.915054,2,,,,,,,, ,,,,,,,,
Non-BRTS,10-D,10-D-08,8,Gulmohar City,गुलमोहर सिटी,18.535873,73.910915,3,,, ,,,,,,,,,,,,,
Non-BRTS,10-D,10-D-09,9,Kalyaninagar Pul,कल्याणीनगर पुल,18.538986,73.903915,3    
Non-BRTS,10-D,10-D-10,10,Bhairoba Pumping Station,भैरोबा पंपीग स्टेशन,18.539135,73.901608,3,,,,,,,,,,, ,,,,,
Non-BRTS,10-D,10-D-11,11,Kalpataru Society Koregaonpark,कल्पतरू सोसायटी कोरेगावपार्क ,18.539460,73.895392,3    
Non-BRTS,10-D,10-D-12,12,Kasturba Gandhi Shala,कस्तुरबा गांधी शाळा,18.539718,73.890302,4    
Non-BRTS,10-D,10-D-13,13,Madhur Milan Mangal Karyalay,मधुर मिलन मंगल कार्यालय,18.535455,73.883128,4    
Non-BRTS,10-D,10-D-14,14,Jehangir Hospital,जहांगीर हॉस्पिटल,18.530905,73.875792,4    
Non-BRTS,10-D,10-D-15,15,Alankar Talkies,अलंकार टॉकिज,18.528458,73.876220,5    
Non-BRTS,10-D,10-D-16,16,Incometax Office,इनकमटॅक्स ऑफिस,18.525427,73.876599,5    
Non-BRTS,10-D,10-D-17,17,GPO,जीपीओ,18.523011,73.876202,5    
Non-BRTS,10-D,10-D-18,18,Collector Kacheri,कलेक्टर कचेरी,18.524353,73.871855,5    
Non-BRTS,10-D,10-D-19,19,Jilha Parishad,जिल्हा परिषद,18.523822,73.869970,5    
Non-BRTS,10-D,10-D-20,20,KEM Hospital,केईएम हॉस्पीटल,18.520065,73.867843,5    
Non-BRTS,10-D,10-D-21,21,Power House Rastapeth,पॉवर हाऊस रास्तापेठ ,18.518939,73.868427,6    
Non-BRTS,10-D,10-D-22,22,Nana Peth,नाना पेठ,18.517257,73.868532,6    
Non-BRTS,10-D,10-D-23,23,AD Camp Chowk,एडी कॅम्प चौक,18.512724,73.868795,6    
Non-BRTS,10-D,10-D-24,24,Ramoshigate,रामोशी गेट,18.510877,73.868504,7    
Non-BRTS,10-D,10-D-25,25,Sonavane Hospital,सोनवणे हॉस्पीटल,18.505735,73.868600,7    
Non-BRTS,10-D,10-D-26,26,ST Vibhagiya Karyalay,एसटी विभागीय कार्यालय,18.500407,73.866537,7    
Non-BRTS,10-D,10-D-27,27,Ghorpade Peth,घोरपडे पेठ,18.499884,73.863814,7    
Non-BRTS,10-D,10-D-28,28,Swargate Depo,स्वारगेट डेपो,18.500158,73.861415,7    
Non-BRTS,10-D,10-D-29,29,Swargate,स्वारगेट,18.500441,73.859475,8    
Non-BRTS,10-U,10-U-00,0,Swargate,स्वारगेट,18.499353,73.858142,1    
Non-BRTS,10-U,10-U-01,1,Swargate Depo,स्वारगेट डेपो,18.500535,73.859687,1    
Non-BRTS,10-U,10-U-02,2,Ghorpade Peth,घोरपडे पेठ,18.499980,73.863851,1    
Non-BRTS,10-U,10-U-03,3,ST Vibhagiya Karyalay,एसटी विभागीय कार्यालय,18.500575,73.866515,1    
